-- phpMyAdmin SQL Dump
-- version 5.2.1
-- https://www.phpmyadmin.net/
--
-- 主機： 127.0.0.1
-- 產生時間： 2024-03-25 06:13:31
-- 伺服器版本： 10.4.32-MariaDB
-- PHP 版本： 8.2.12

SET SQL_MODE = "NO_AUTO_VALUE_ON_ZERO";
START TRANSACTION;
SET time_zone = "+00:00";


/*!40101 SET @OLD_CHARACTER_SET_CLIENT=@@CHARACTER_SET_CLIENT */;
/*!40101 SET @OLD_CHARACTER_SET_RESULTS=@@CHARACTER_SET_RESULTS */;
/*!40101 SET @OLD_COLLATION_CONNECTION=@@COLLATION_CONNECTION */;
/*!40101 SET NAMES utf8mb4 */;

--
-- 資料庫： `the_travel_project`
--

-- --------------------------------------------------------

--
-- 資料表結構 `cart`
--

CREATE TABLE `cart` (
  `customer_id` varchar(50) DEFAULT NULL,
  `product_id` varchar(50) DEFAULT NULL,
  `unit_price` int(11) DEFAULT NULL,
  `quantity` int(11) DEFAULT NULL,
  `detail_amount` int(11) DEFAULT NULL
) ENGINE=InnoDB DEFAULT CHARSET=utf8mb4 COLLATE=utf8mb4_general_ci;

-- --------------------------------------------------------

--
-- 資料表結構 `customization_list`
--

CREATE TABLE `customization_list` (
  `sid` int(4) NOT NULL COMMENT '起頭編號',
  `name` varchar(4) NOT NULL COMMENT '姓名',
  `mobile` varchar(15) NOT NULL COMMENT '電話',
  `email` varchar(30) NOT NULL COMMENT '信箱',
  `place` varchar(100) NOT NULL COMMENT '地點',
  `transportation` varchar(20) NOT NULL COMMENT '交通方式',
  `budget` int(7) NOT NULL COMMENT '預算',
  `calltime` date NOT NULL COMMENT '聯絡時間'
) ENGINE=InnoDB DEFAULT CHARSET=utf8mb4 COLLATE=utf8mb4_general_ci;

--
-- 傾印資料表的資料 `customization_list`
--

INSERT INTO `customization_list` (`sid`, `name`, `mobile`, `email`, `place`, `transportation`, `budget`, `calltime`) VALUES
(1, '邱可臻', '0971678367', 'alexis9264@gmail.com', '葡萄牙', '中華航空', 30000, '2024-10-05'),
(2, '張俊鳴', '0989757004', 'jalen2788@gmail.com', '南極', '淩天航空', 25000, '2024-08-19'),
(3, '蘇懿葉', '0933987016', 'isabelle7235@hotmail.com', '阿根廷', '星宇航空', 100000, '2024-02-13'),
(4, '吳世天', '0912440422', 'ortiz4714@gmail.com', '南極', '長榮航空', 50000, '2024-07-13'),
(5, '王孝濱', '0982080071', 'brooks7283@gmail.com', '法國', '立榮航空', 40000, '2023-04-27'),
(6, '宋敏蓁', '0927202492', 'linda1825@gmail.com', '法國', '淩天航空', 25000, '2024-12-20'),
(7, '嚴揚紈', '0937506384', 'lily582@yahoo.com', '祕魯', '立榮航空', 100000, '2023-12-06'),
(8, '陳冠熹', '0989623143', 'kirk4116@gmail.com', '法國', '星宇航空', 30000, '2023-01-11'),
(9, '何浚羣', '0910951279', 'lyn2155@outlook.com', '阿根廷', '德安航空', 50000, '2023-03-19'),
(10, '王禧謙', '0971873138', 'fawcett8122@gmail.com', '日本', '淩天航空', 100000, '2023-09-14'),
(11, '周貴鑾', '0938213816', 'richardson9885@yahoo.com', '祕魯', '立榮航空', 70000, '2023-07-01'),
(12, '謝堇浚', '0972773753', 'adrian9153@outlook.com', '阿根廷', '淩天航空', 25000, '2023-03-22'),
(13, '陳振洋', '0961630980', 'breslin6710@hotmail.com', '阿根廷', '台灣虎航', 40000, '2023-04-27'),
(14, '孫材浚', '0916945534', 'mitch6462@icloud.com', '台灣', '立榮航空', 50000, '2024-06-01'),
(15, '李寶馳', '0926806708', 'jerry7398@gmail.com', '阿根廷', '華信航空', 70000, '2023-10-07'),
(16, '吳慶琉', '0989843234', 'castillo6051@yahoo.com', '葡萄牙', '長榮航空', 40000, '2024-11-18'),
(17, '金夏華', '0989134124', 'vanessa9216@hotmail.com', '法國', '淩天航空', 70000, '2024-12-07'),
(18, '湯安逞', '0982571661', 'luke3540@icloud.com', '台灣', '德安航空', 30000, '2023-12-01'),
(19, '郭宥泰', '0916372251', 'quinn7956@gmail.com', '南極', '華信航空', 25000, '2024-04-08'),
(20, '陳斯楠', '0933206000', 'jaime771@gmail.com', '日本', '台灣虎航', 70000, '2024-11-03'),
(21, '陳信淳', '0956418406', 'harris1922@gmail.com', '葡萄牙', '華信航空', 25000, '2023-02-09'),
(22, '葉恩才', '0917986956', 'kobe6276@outlook.com', '古巴', '立榮航空', 30000, '2023-12-29'),
(23, '黎宸穎', '0963536708', 'charlotte3192@outlook.com', '奧地利', '德安航空', 25000, '2024-10-27'),
(24, '鄧娟鳳', '0927762522', 'stewart2043@gmail.com', '台灣', '華信航空', 30000, '2023-02-10'),
(25, '楊瞻辰', '0982249940', 'farmiga6848@yahoo.com', '台灣', '長榮航空', 50000, '2023-11-30'),
(26, '黃培曉', '0919634815', 'linda3396@outlook.com', '阿根廷', '中華航空', 50000, '2024-11-03'),
(27, '劉純臻', '0912681182', 'frances3080@yahoo.com', '祕魯', '淩天航空', 25000, '2024-10-15'),
(28, '鍾名展', '0925748589', 'matthias2080@gmail.com', '奧地利', '長榮航空', 25000, '2024-10-12'),
(29, '高晏曄', '0970073461', 'calder3512@gmail.com', '台灣', '中華航空', 35000, '2024-09-13'),
(30, '陳筑羚', '0934226009', 'chavez1487@gmail.com', '葡萄牙', '星宇航空', 25000, '2023-12-31'),
(31, '洪翊芮', '0972852992', 'hammer702@yahoo.com', '祕魯', '星宇航空', 30000, '2024-11-21'),
(32, '楊瀾華', '0986505138', 'lee8127@gmail.com', '祕魯', '長榮航空', 35000, '2024-10-16'),
(33, '黃凱江', '0970060454', 'elijah1732@outlook.com', '台灣', '台灣虎航', 25000, '2023-08-19'),
(34, '蔡俊舒', '0953327706', 'peterson5432@hotmail.com', '奧地利', '台灣虎航', 30000, '2024-08-02'),
(35, '侯元晗', '0968435072', 'lucas8078@gmail.com', '古巴', '華信航空', 100000, '2024-09-30'),
(36, '蔣宛漢', '0926476738', 'stephanie4692@gmail.com', '古巴', '台灣虎航', 25000, '2024-07-21'),
(37, '謝淇筠', '0988781425', 'linda9440@gmail.com', '祕魯', '立榮航空', 40000, '2024-01-03'),
(38, '鄒佑辰', '0987798461', 'morgan5145@gmail.com', '古巴', '華信航空', 100000, '2024-07-20'),
(39, '周禹詠', '0919511420', 'watson3070@gmail.com', '日本', '立榮航空', 70000, '2024-04-13'),
(40, '鄭召濱', '0960151299', 'griffin5352@gmail.com', '台灣', '立榮航空', 50000, '2023-11-03'),
(41, '盧婉藝', '0952928546', 'walton7017@hotmail.com', '南極', '立榮航空', 30000, '2024-02-15'),
(42, '王賢輝', '0937485423', 'willie7626@icloud.com', '法國', '星宇航空', 30000, '2024-02-18'),
(43, '林平語', '0971025674', 'douglas1410@gmail.com', '日本', '中華航空', 40000, '2023-08-03'),
(44, '楊尹萍', '0911331676', 'donovan142@yahoo.com', '日本', '德安航空', 25000, '2023-03-06'),
(45, '朱婷寶', '0923374644', 'hannah7299@outlook.com', '南極', '中華航空', 40000, '2023-03-29'),
(46, '徐娟嫣', '0930992281', 'blanchard8846@gmail.com', '南極', '長榮航空', 30000, '2023-10-17'),
(47, '鐘乾傑', '0932522739', 'mraz6133@outlook.com', '法國', '華信航空', 40000, '2024-02-08'),
(48, '涂暢潮', '0927847325', 'orrico7114@gmail.com', '阿根廷', '立榮航空', 100000, '2024-03-18'),
(49, '劉爾瑋', '0932789965', 'gardner6348@gmail.com', '祕魯', '淩天航空', 25000, '2024-11-21'),
(50, '董叡韶', '0916164129', 'willy444@gmail.com', '祕魯', '淩天航空', 30000, '2023-12-05'),
(51, '王功晤', '0918621574', 'nathan7372@hotmail.com', '摩洛哥', '長榮航空', 70000, '2023-02-17'),
(52, '周宜麗', '0919897382', 'sandra2574@gmail.com', '葡萄牙', '星宇航空', 30000, '2023-04-30'),
(53, '賴亮銘', '0986866881', 'turner7629@gmail.com', '奧地利', '淩天航空', 25000, '2023-08-06'),
(54, '姜碩義', '0954358557', 'glenn7553@yahoo.com', '祕魯', '中華航空', 100000, '2023-11-21'),
(55, '吳先語', '0933031824', 'gates4679@hotmail.com', '葡萄牙', '淩天航空', 70000, '2023-02-02'),
(56, '卓洢穎', '0937743203', 'sarah5266@gmail.com', '台灣', '華信航空', 25000, '2024-05-20'),
(57, '黎培芪', '0921714278', 'jillian708@hotmail.com', '阿根廷', '立榮航空', 50000, '2023-03-20'),
(58, '吳函靈', '0910398785', 'turner5006@outlook.com', '奧地利', '立榮航空', 30000, '2024-04-08'),
(59, '鄭如芪', '0936144468', 'paisley1611@gmail.com', '法國', '淩天航空', 35000, '2023-07-06'),
(60, '吳珊菁', '0929887641', 'grant479@outlook.com', '南極', '台灣虎航', 35000, '2024-01-12'),
(61, '侯芳術', '0910145753', 'kaylee8471@outlook.com', '南極', '星宇航空', 25000, '2024-12-18'),
(62, '巫哲暉', '0924305651', 'johnson3801@outlook.com', '法國', '星宇航空', 30000, '2024-12-01'),
(63, '程君韻', '0933729090', 'lyn2159@outlook.com', '台灣', '長榮航空', 30000, '2023-04-28'),
(64, '陳凡舒', '0933620559', 'lucy3673@gmail.com', '奧地利', '長榮航空', 70000, '2023-11-15'),
(65, '李先露', '0982373141', 'mariah7254@hotmail.com', '南極', '華信航空', 40000, '2024-01-05'),
(66, '劉瓊黛', '0982404862', 'mulligan9172@gmail.com', '古巴', '立榮航空', 40000, '2024-04-01'),
(67, '許庭淼', '0972943798', 'ralph6367@yahoo.com', '祕魯', '中華航空', 25000, '2024-07-31'),
(68, '劉振祟', '0921159286', 'robinson4244@gmail.com', '南極', '淩天航空', 25000, '2024-04-22'),
(69, '邱妤瑗', '0936641873', 'clementine6501@yahoo.com', '古巴', '淩天航空', 30000, '2024-02-23'),
(70, '徐才洋', '0937524864', 'keith9830@yahoo.com', '南極', '華信航空', 70000, '2024-05-25'),
(71, '黃勵懷', '0912295233', 'connor5919@hotmail.com', '古巴', '華信航空', 30000, '2024-02-05'),
(72, '黃光恩', '0960592489', 'jonathan8323@hotmail.com', '葡萄牙', '華信航空', 35000, '2023-09-20'),
(73, '石宛海', '0938461025', 'howard5042@gmail.com', '日本', '星宇航空', 25000, '2024-09-01'),
(74, '游楚鋭', '0930714433', 'joe5722@yahoo.com', '阿根廷', '德安航空', 70000, '2024-04-07'),
(75, '康昭湘', '0916762837', 'asher8731@hotmail.com', '法國', '長榮航空', 25000, '2024-12-21'),
(76, '尤念盧', '0935258111', 'hughes3284@outlook.com', '古巴', '立榮航空', 25000, '2023-05-23'),
(77, '張欽藻', '0935889815', 'roy9630@gmail.com', '葡萄牙', '台灣虎航', 35000, '2024-08-23'),
(78, '陳呈立', '0923296372', 'lena3318@gmail.com', '古巴', '台灣虎航', 35000, '2024-06-18'),
(79, '連和琪', '0971842799', 'alicia8860@gmail.com', '摩洛哥', '華信航空', 100000, '2024-08-18'),
(80, '傅彤韻', '0915592775', 'alvarez234@gmail.com', '法國', '台灣虎航', 100000, '2023-02-13'),
(81, '彭宥理', '0931316512', 'christensen1542@gmail.com', '南極', '中華航空', 25000, '2023-01-19'),
(82, '張悦易', '0968795282', 'mikayla8553@gmail.com', '阿根廷', '星宇航空', 25000, '2024-04-16'),
(83, '湯凌婉', '0935607105', 'garcia7632@gmail.com', '南極', '長榮航空', 25000, '2023-12-04'),
(84, '侯歌茹', '0963943860', 'mcmann3883@outlook.com', '奧地利', '德安航空', 70000, '2024-04-25'),
(85, '鄧嬋芯', '0938500180', 'chantel5263@yahoo.com', '台灣', '淩天航空', 30000, '2024-12-24'),
(86, '林俞璟', '0914837078', 'harris8371@gmail.com', '阿根廷', '淩天航空', 70000, '2024-01-12'),
(87, '劉晉楠', '0939813131', 'sutton722@hotmail.com', '南極', '台灣虎航', 35000, '2023-12-25'),
(88, '王恩珺', '0926191689', 'sarah7368@hotmail.com', '古巴', '中華航空', 35000, '2023-06-22'),
(89, '涂玉茹', '0968562854', 'gunter4994@hotmail.com', '南極', '立榮航空', 70000, '2024-01-24'),
(90, '李緹莘', '0938038646', 'jefferson5188@hotmail.com', '南極', '長榮航空', 70000, '2024-09-04'),
(91, '阮諄陣', '0961637943', 'buckley3836@outlook.com', '台灣', '淩天航空', 50000, '2024-05-20'),
(92, '黎豪霜', '0961505905', 'bagshawe7975@yahoo.com', '祕魯', '長榮航空', 40000, '2023-01-21'),
(93, '張寶書', '0953586004', 'gilbert5514@gmail.com', '奧地利', '德安航空', 70000, '2023-07-21'),
(94, '林妤育', '0914447961', 'harmon6541@yahoo.com', '法國', '星宇航空', 30000, '2023-07-03'),
(95, '張懋諄', '0982782803', 'shelley2012@gmail.com', '法國', '華信航空', 25000, '2023-04-06'),
(96, '湯瑩苡', '0956678734', 'debra9846@gmail.com', '摩洛哥', '德安航空', 35000, '2023-12-09'),
(97, '楊珂穎', '0956524211', 'debra6494@gmail.com', '葡萄牙', '立榮航空', 30000, '2023-05-18'),
(98, '許倩萱', '0936246017', 'lyn3988@outlook.com', '阿根廷', '立榮航空', 30000, '2024-08-14'),
(99, '謝曼源', '0919509893', 'maria9294@hotmail.com', '日本', '中華航空', 70000, '2024-02-24'),
(100, '張月靜', '0932989182', 'hammer4049@gmail.com', '法國', '華信航空', 100000, '2023-12-28');

-- --------------------------------------------------------

--
-- 資料表結構 `employees`
--

CREATE TABLE `employees` (
  `employee_id` int(11) NOT NULL,
  `employee_name` varchar(30) NOT NULL,
  `password` varchar(255) NOT NULL,
  `email` varchar(255) NOT NULL,
  `registration_time` datetime NOT NULL,
  `last_login_time` datetime DEFAULT NULL,
  `employee_role_id` int(11) NOT NULL,
  `status` tinyint(1) NOT NULL,
  `title_id` int(11) NOT NULL,
  `department_id` int(11) NOT NULL,
  `employee_nickname` varchar(255) NOT NULL
) ENGINE=InnoDB DEFAULT CHARSET=utf8mb4 COLLATE=utf8mb4_general_ci COMMENT='管理員';

--
-- 傾印資料表的資料 `employees`
--

INSERT INTO `employees` (`employee_id`, `employee_name`, `password`, `email`, `registration_time`, `last_login_time`, `employee_role_id`, `status`, `title_id`, `department_id`, `employee_nickname`) VALUES
(1, '李千囷', '123456', 'lars108218@gmail.com', '2024-03-08 12:45:14', NULL, 1, 1, 0, 0, 'Laurance'),
(2, '張筱筠', '123456', 'molly3898@gmail.com', '2024-03-08 12:45:14', NULL, 1, 1, 0, 0, '筱筠'),
(3, '韓光樺', '123456', 'helenhan46@gmail.com', '2024-03-08 12:45:14', NULL, 1, 1, 0, 0, '光樺'),
(4, '周韋霆', '123456', 'asd0979724893@gmail.com', '2024-03-08 12:45:14', NULL, 1, 1, 0, 0, '韋霆'),
(5, '黄柏皓', '123456', 'daniel1761590944@gmail.com', '2024-03-08 12:45:14', NULL, 538, 1, 0, 0, '柏皓'),
(6, 'test', '123456', 'guest@gmail.com', '2024-03-24 19:37:13', NULL, 536, 0, 0, 0, 'guest');

-- --------------------------------------------------------

--
-- 資料表結構 `group_list`
--

CREATE TABLE `group_list` (
  `sid` int(4) NOT NULL COMMENT '起頭編號',
  `group_id` varchar(5) NOT NULL COMMENT '團體行程ID',
  `name` varchar(4) NOT NULL COMMENT '姓名',
  `mobile` varchar(10) NOT NULL COMMENT '手機號碼',
  `email` varchar(30) NOT NULL COMMENT '信箱',
  `nameid` varchar(10) NOT NULL COMMENT '身分證字號',
  `birthday` date NOT NULL COMMENT '西元生日',
  `address` varchar(30) NOT NULL COMMENT '地址',
  `create_time` timestamp NOT NULL DEFAULT current_timestamp() ON UPDATE current_timestamp() COMMENT '新增時間',
  `speechtime` text NOT NULL COMMENT '講座時間',
  `speechplace` varchar(40) NOT NULL COMMENT '講座地點',
  `speechtell` varchar(15) NOT NULL COMMENT '講座聯絡電話',
  `speechname` varchar(15) NOT NULL COMMENT '講師名',
  `speechpeoplelimit` text NOT NULL COMMENT '講座人數上限',
  `country` varchar(40) NOT NULL COMMENT '國家',
  `introduction` varchar(1000) NOT NULL COMMENT '國家介紹',
  `serveitem` text NOT NULL COMMENT '服務項目',
  `restaurant` text NOT NULL COMMENT '餐廳',
  `restaurantaddress` text NOT NULL COMMENT '餐廳地點',
  `restauranttime` text NOT NULL COMMENT '餐廳預約時間',
  `restaurantpeople` varchar(3) NOT NULL COMMENT '餐廳人數',
  `airline` text NOT NULL COMMENT '航空公司',
  `airportplace` text NOT NULL COMMENT '機場名',
  `airporttime` text NOT NULL COMMENT '飛機起飛時間',
  `hotelname` text NOT NULL COMMENT '飯店名稱',
  `hoteladdress` text NOT NULL COMMENT '飯店住址',
  `airportpeople` varchar(4) NOT NULL COMMENT '搭機人數',
  `consultation` text NOT NULL COMMENT '諮詢',
  `consultationquestion` text NOT NULL COMMENT '諮詢問題',
  `consultationtime` text NOT NULL COMMENT '諮詢時間',
  `contact` text NOT NULL COMMENT '諮詢聯絡方式'
) ENGINE=InnoDB DEFAULT CHARSET=utf8mb4 COLLATE=utf8mb4_general_ci;

--
-- 傾印資料表的資料 `group_list`
--

INSERT INTO `group_list` (`sid`, `group_id`, `name`, `mobile`, `email`, `nameid`, `birthday`, `address`, `create_time`, `speechtime`, `speechplace`, `speechtell`, `speechname`, `speechpeoplelimit`, `country`, `introduction`, `serveitem`, `restaurant`, `restaurantaddress`, `restauranttime`, `restaurantpeople`, `airline`, `airportplace`, `airporttime`, `hotelname`, `hoteladdress`, `airportpeople`, `consultation`, `consultationquestion`, `consultationtime`, `contact`) VALUES
(1, '22', '張丞尹', '0914136678', 'brookes5520@gmail.com', 'F287351557', '1994-04-09', '臺東縣', '2024-03-18 06:33:29', '2024-03-14 18:00:00', '台北市內湖區洲子街72號一樓', '02-66041913', '游國珍', '30', '南極', '包船 圓夢南極\n地球上的最後一塊淨土–南極，是旅人的最終夢想。但是對大多數人來說，遙遠的距離、惡劣的天候、語言的隔閡，都讓旅人難以企及。\n2023年，以包船的方式，安排日月合朔號，帶領200位台灣人遠征南極。\n2024年，進一步包下更新、更大、更豪華的Seabourn Pursuit 南極追夢號，這一次，對台灣人來說，南極不再是一趟艱辛、遙遠的旅途。以2023.08下水的Seabourn旗艦船--南極追夢號款待貴賓，從台灣出發、全程安排中文領隊，讓您以最舒適奢華的行程，成就人生壯遊！\n\n想了解南極有什麼獨特生態、旅遊行程資訊或是郵輪相關細節嗎？\n歡迎各位親臨講座，由2024年初才從南極返台的元本旅遊董事長游國珍為您揭開南極旅遊的小秘密！', '', '煙波大飯店', '台南市中西區永福路一段269號', '2024-03-04T18:15', '1', '中華航空', '台南機場', '2024-03-22T18:00', '台南桂田度假酒店', '台南市永康區永安一街99號', '1', '', '', '2024-03-11 10:00:00', ''),
(2, '10', '謝巖懷', '0931939751', 'crouch7953@gmail.com', 'D177704784', '1994-05-24', '彰化縣', '2011-04-01 12:31:03', '2024-03-15 18:00:00', '台北市內湖區洲子街72號一樓', '02-66041914', '歐洲旅遊達人Daniel', '30', '葡萄牙', '提到葡萄牙這個國家，可能大部分的人首先會聯想到足球明星C羅。但是你可能不知道葡萄牙不但是大航海時代的初代全球霸權，還是全世界第一個廢除吸毒刑事處罰的國家，更是全球一半的軟木塞的出產國。\n葡萄牙到底還有哪些歷史、文化、美食、景點故事，就讓歐洲達人Daniel為您一一道來。', '', '', '', '', '', '', '', '', '', '', '', '', '', '', ''),
(3, '18', '王湘萍', '0933336460', 'ann3881@yahoo.com', 'A208169723', '2001-05-20', '雲林縣', '2017-02-03 02:12:54', '2024-03-16 18:00:00', '台北市內湖區洲子街72號一樓', '02-66041915', '歐洲旅遊達人Daniel', '30', '法國', '融合了奔跑的激情與紅酒的醇香，波爾多梅鐸紅酒馬拉松不僅是一場馬拉松，也是探索法國波爾多深厚葡萄酒文化的絕佳機會。這個獨一無二的活動將帶領你穿越波爾多最美麗的葡萄園經過各大酒莊的補給，在賽道上享受美酒和當地美食。\n從波爾多的古老街道到巴塞隆納的現代藝術，帶您體驗西南法、巴塞隆納最精彩的面貌，法國和西班牙的豐富文化、絕美景致和令人難忘的旅遊體驗。', '', '', '', '', '', '', '', '', '', '', '', '', '', '', ''),
(4, '16', '黎珍蓓', '0987082396', 'mraz7427@gmail.com', 'E249597021', '2005-05-20', '桃園市', '2024-03-18 03:21:29', '2024-03-17 18:00:00', '台北市內湖區洲子街72號一樓', '02-66041916', '歐洲旅遊達人Daniel', '30', '法國', '南法最美法國里維埃拉-蔚藍海岸，濃郁飄香南法普羅旺斯山城小鎮、南法最美村莊-山居歲月法式優雅生活哲學，世界文化遺產聖艾米濃中世紀小鎮葡萄酒產區濃濃酒香，羅亞爾河城堡區值不值得入住?住宿古蹟城堡一晚，法國旅遊還有什麼可以看？快來跟著元本旅遊規劃師一起神遊法國吧！', '', '', '', '', '', '', '', '', '', '', '', '', '', '', ''),
(5, '20', '馮禎術', '0910788117', 'gerson3941@gmail.com', 'K291482130', '1984-04-03', '雲林縣', '2016-12-21 04:27:14', '2024-03-18 18:00:00', '台北市內湖區洲子街72號一樓', '02-66041917', '柯彩雲 Tessa', '30', '摩洛哥', '《北非諜影》與撒哈拉歲月，1942年電影《北非諜影》(Casablanca)一句經典對白「Here\'s looking at you, kid.」，代表永誌不忘，無比深情，這是瑞克對伊莎愛的承諾，無論身處何方，他的心都留在伊莎身上。從此，世界變對北非摩洛哥充滿了憧憬。\n30年後在三毛的內心深處，撒哈拉沙漠是夢中情人，是不能解釋，只屬於前世回憶的鄉愁，她毫無保留地把自己交給了那一片陌生的大地，譜出屬於自己的撒哈啦歲月。\n與你一同打開摩洛哥愛的篇章，找到屬於你的撒哈拉歲月。', '', '', '', '', '', '', '', '', '', '', '', '', '', '', ''),
(6, '13', '郭初芳', '0935776577', 'bella1069@hotmail.com', 'W267507003', '1987-07-17', '臺南市', '2015-06-02 21:39:19', '2024-03-19 18:00:00', '台北市內湖區洲子街72號一樓', '02-66041918', '游國珍', '30', '阿根廷', '夢想清單實現者，持續規劃許多旅人一生必遊的夢幻行程，為了讓旅客夢想清單實現後，能夠透過出版將這趟遊程的感動記錄下來，我們與秀威出版合作，徵求團員成為共同作者。在2023年11月我們出版了《追夢到秘魯》、《追夢到古巴》兩本夢想清單遊記書，堪稱業界創舉。2024年2月，我們將舉辦《追夢阿根廷》的新書發表暨交流會，歡迎對阿根廷有興趣的朋友們，報名參加這場活動，聽聽這些從素人成為作家的旅人們的精彩心得。', '', '', '', '', '', '', '', '', '', '', '', '', '', '', ''),
(7, '13', '湯家巖', '0912951638', 'hawkins1041@gmail.com', 'B146246488', '2010-09-13', '臺中市', '2019-06-12 15:02:37', '2024-03-20 18:00:00', '台北市內湖區洲子街72號一樓', '02-66041919', 'Carol（汪淑媛）', '30', '古巴', '自古以來, 酒記載著各文明歷史。這趟旅程一起去拜訪古巴的蘭姆酒、雪茄、音樂 ! 而古巴的街景讓人一秒回到 60 年代, 來到這個位處加勒比海上的社會主義國家, 亦不能錯過探索古巴的革命歷史及世界遺產城市。', '', '', '', '', '', '', '', '', '', '', '', '', '', '', ''),
(8, '20', '李恬齊', '0933259632', 'joyce2661@gmail.com', 'Y263988903', '1963-08-07', '臺北市', '2011-01-02 22:18:23', '2024-03-21 18:00:00', '台中市綠川西街85號10樓', '02-66041919', '蘇昭旭', '30', '日本', '登山鐵路是日本鐵道獨特的精彩，邀請您來參與具代表性的登山鐵路精采體驗，包含日本坡度最陡的箱根登山鐵道、齒輪式鐵路的井川線登山鐵道，讓您搭火車登高望遠，環顧四野，體驗登山鐵路之美！我們也安排日本傳統輕軌電車，親臨湘南江之島，看看傳說中灌籃高手平交道。\n\n您有聽過日本最有名的奧大井湖上站嗎？火車站矗立在湖中，其實在大井川鐵路。您可記得電影佐賀的阿嬤，廣島站的母子別離，還有電影鐵道員的蒸汽機車，佐藤乙松與仙次的師徒之情，其實場景也在大井川鐵路。大井川鐵道的蒸汽火車，激煙奔馳，蒸汽火車動態接觸與親身體驗，讓您對蒸汽火車的愛戀徹底引爆！', '', '', '', '', '', '', '', '', '', '', '', '', '', '', ''),
(9, '3', '黃丹艾', '0923207953', 'kara3098@gmail.com', 'U237706559', '1990-07-15', '臺南市', '2015-10-20 17:55:25', '2024-03-22 18:00:00', '台中市綠川西街85號10樓', '02-66041920', '蘇昭旭', '30', '奧地利', '您知道世界上第一條鐵道世界文化遺產是在奧地利嗎？\n\n 1848年，奧地利工程師卡爾·里特爾·馮·蓋加，在尤利安阿爾卑斯山北邊開始動工，他的堅持和毅力，克服萬難，建造出人類第一條登山鐵道，完成不可能的任務，1854年通車，這就是薩瑪林鐵路的傳奇。1998年被聯合國教科文組織列為世界文化遺產，是全世界第一條鐵路世界遺產。\n\n 將近150年之後，我們請對全球登山鐵道有深度研究的蘇昭旭老師，搭火車重返奧地利這條鐵路的歷史現場，讓您感受前所未有的知識震撼。除了奧地利，我們還去前東德地區，薩克森王國，還有捷克，波西米亞地區，用歷史故事，鋪陳火車鐵道的歷史路徑，參觀鐵道博物館，搭乘蒸汽火車，欣賞阿爾卑斯山的壯麗美景，體驗東歐鐵道旅遊的獨特風情。\n\n 華人著作首屈一指的鐵道學者蘇昭旭老師，引領您進入歐洲的鐵道歷史，瞭解東歐的歷史與文化，讓我們一同體驗，探索歐洲鐵道的深度之旅。', '', '', '', '', '', '', '', '', '', '', '', '', '', '', ''),
(10, '15', '呂恬藍', '0939591658', 'garver4782@gmail.com', 'T223426921', '1982-08-25', '桃園市', '2019-05-31 00:19:24', '2024-03-23 18:00:00', '台北市內湖區洲子街72號一樓', '02-66041921', '黃忠勤（法國國家藝術導覽員）', '30', '法國', '南法最美法國里維埃拉-蔚藍海岸，濃郁飄香南法普羅旺斯山城小鎮、南法最美村莊-山居歲月法式優雅生活哲學，世界文化遺產聖艾米濃中世紀小鎮葡萄酒產區濃濃酒香，羅亞爾河城堡區值不值得入住?住宿古蹟城堡一晚，法國旅遊還有什麼可以看？快來跟著元本旅遊規劃師一起神遊法國吧！', '', '', '', '', '', '', '', '', '', '', '', '', '', '', ''),
(11, '14', '洪倫睿', '0923590227', 'birch3005@outlook.com', 'D100081661', '1980-04-25', '桃園市', '2009-11-16 17:05:11', '2024-03-24 18:00:00', '台北市內湖區洲子街72號一樓', '02-66041922', 'Carol（汪淑媛）', '30', '摩洛哥', '摩洛哥位於北非，歷史上是阿拉伯帝國疆土最西端的領土。今日是一處可同時一窺伊斯蘭文化及歐洲風情的國家，不僅有世界遺產老城、更有撒哈拉沙漠風情 !\n\n 《北非諜影》與撒哈拉歲月，1942年電影《北非諜影》(Casablanca)一句經典對白「Here\'s looking at you, kid.」，代表永誌不忘，無比深情，這是瑞克對伊莎愛的承諾，無論身處何方，他的心都留在伊莎身上。從此，世界變對北非摩洛哥充滿了憧憬。\n\n 30年後在三毛的內心深處，撒哈拉沙漠是夢中情人，是不能解釋，只屬於前世回憶的鄉愁，她毫無保留地把自己交給了那一片陌生的大地，譜出屬於自己的撒哈啦歲月。\n\n 讓元本旅遊與你一同打開摩洛哥愛的篇章，找到屬於你的撒哈拉歲月。', '', '', '', '', '', '', '', '', '', '', '', '', '', '', ''),
(12, '4', '蔡函卓', '0934776648', 'taft8637@gmail.com', 'Y262362049', '1974-08-30', '彰化縣', '2015-03-09 04:01:57', '2024-03-25 18:00:00', '台北市內湖區洲子街72號一樓', '02-66041923', 'Carol（汪淑媛）', '30', '伊比利半島', '伊比利半島系列講座~伊比利世界遺產 !\n\n伊比利半島錯綜複雜的歷史文化，蘊藏豐富的世界遺產數量高達 66 處！\n\n兩萬多年前的舊石器時代藝術露天岩壁畫遺址；\n\n西元一世紀羅馬時代的歷史古城；\n\n西元八世紀阿拉伯帝國時代的伊斯蘭文化；\n\n西元十五世紀大航海時代的歷史見證；\n\n這趟旅程一起隨著世界遺產去拜訪葡萄牙 & 西班牙 ', '', '', '', '', '', '', '', '', '', '', '', '', '', '', ''),
(13, '17', '汪亮瑞', '0938138226', 'xavier9372@icloud.com', 'K181043567', '1966-03-21', '高雄市', '2014-01-08 18:42:31', '2024-03-26 18:00:00', '高雄市新興區民生一路56號B1-1', '02-66041924', '游國珍', '30', '南極', '地球上的最後一塊淨土–南極，是旅人的最終夢想。但是對大多數人來說，遙遠的距離、惡劣的天候、語言的隔閡，都讓旅人難以企及。\n\n 2023年，元本旅遊以包船的方式，安排日月合朔號，帶領200位台灣人遠征南極。\n\n 2024年，元本旅遊進一步包下更新、更大、更豪華的Seabourn Pursuit 南極追夢號，這一次，對台灣人來說，南極不再是一趟艱辛、遙遠的旅途。元本旅遊以2023.08下水的Seabourn旗艦船--南極追夢號款待貴賓，從台灣出發、全程安排中文領隊，讓您以最舒適奢華的行程，成就人生壯遊！\n\n想了解南極有什麼獨特生態、旅遊行程資訊或是郵輪相關細節嗎？\n\n歡迎各位親臨講座，由2024年初才從南極返台的元本旅遊董事長游國珍為您揭開南極旅遊的小秘密！', '', '', '', '', '', '', '', '', '', '', '', '', '', '', ''),
(14, '6', '尤勳昱', '0918987411', 'damian7213@yahoo.com', 'Q191627560', '1993-06-29', '臺中市', '2013-06-26 15:30:41', '2024-03-27 18:00:00', '台南市中西區衛民街67-1號', '02-66041925', '游國珍', '30', '南極', '地球上的最後一塊淨土–南極，是旅人的最終夢想。但是對大多數人來說，遙遠的距離、惡劣的天候、語言的隔閡，都讓旅人難以企及。\n\n 2023年，元本旅遊以包船的方式，安排日月合朔號，帶領200位台灣人遠征南極。\n\n 2024年，元本旅遊進一步包下更新、更大、更豪華的Seabourn Pursuit 南極追夢號，這一次，對台灣人來說，南極不再是一趟艱辛、遙遠的旅途。元本旅遊以2023.08下水的Seabourn旗艦船--南極追夢號款待貴賓，從台灣出發、全程安排中文領隊，讓您以最舒適奢華的行程，成就人生壯遊！\n\n想了解南極有什麼獨特生態、旅遊行程資訊或是郵輪相關細節嗎？\n\n歡迎各位親臨講座，由2024年初才從南極返台的元本旅遊董事長游國珍為您揭開南極旅遊的小秘密！', '', '', '', '', '', '', '', '', '', '', '', '', '', '', ''),
(15, '12', '阮奇舟', '0954691773', 'randolph2375@hotmail.com', 'G116841845', '1993-02-12', '宜蘭縣', '2020-02-21 12:53:50', '2024-03-28 18:00:00', '高雄市新興區民生一路56號B1-1', '02-66041926', '玩美南人Eric／苗啟誠', '30', '秘魯', '秘魯是全世界最富觀光資源的國家之一，考古學家心目中的黃金國度，也是世界公認的旅遊天堂，更是多年來蟬聯台灣人最喜愛旅遊的拉丁美洲國家第一名，其中最令人嚮往的景點莫過於在1983年被選為世界自然及文化雙重遺產，在2007年被列入全球七大奇觀之一，被稱作「天空之城」的馬丘比丘。\n\n 然而馬丘比丘在考古學上名堂響亮，對於它的歷史及認知卻是少之又少。印加文化裡沒有文字，歷史全憑獨特的繩結記下並口述流傳，沒有任何記載。它像是一個百分百的迷城，在沒有鐵制工具，沒有牛馬，沒有車輪知識的年代裡，忽然在地球上出現的一座古城。它的真正歷史、用途和為何人去城空至今仍未有定論…\n\n 而位於南太平洋的波利尼西亞卻屬於南美洲的智利，復活節島是世界上最與世隔絕也最遙遠的島嶼之一。1722年由荷蘭一支艦隊在復活節當日發現，船長在航海圖上用筆記下了這個島的位置並寫下“復活節島”，此名因而被世人所知。\n\n復活節島以其分布在海濱沿線大約1000尊的巨型摩埃石像聞名於世並吸引著各國的觀光客和考古學家。這座島有太多不解之謎：為什麼會有人到這座島上？這些人的祖先是誰？為何以及如何雕刻出如此眾多這些巨石像？如何搬運這些摩埃？考古學家們有多種說法，甚至島上的居民也說不清楚…\n\n 被稱為「世界的屋頂」的玻利維亞坐落在高原之上，這片土地上古老的文明和多采多姿的動物生態、白雪覆頂的安地斯山脈、令人醉心的鹽湖、和繁茂的亞馬遜雨林都是玻利維亞特有的大自然瑰寶，殖民時期的遺風和原住民的文化更是讓人目不暇給，玻利維亞的風光之美，讓人為之屏息。其中海拔近3,700公尺的烏尤尼如同沙漠中的天堂，滿地純白的鹽漠加上雨後沉積的些許雨水，逐漸形成世界上面積最大的鹽湖，約為1/3的台灣大小；在艷陽的照射下，一片白雲藍天讓人看不到邊界，每年12到3月，是當地的雨季，水面反射猶如一大片上帝的鏡子，也成為世人眼裡最荒蕪、最遙遠，卻最純淨的人間淨土，這一望無際的白色世界年年吸引全球的旅人造訪，因此也被認定成為「人生必遊」的旅行目的地之一。 ', '', '', '', '', '', '', '', '', '', '', '', '', '', '', ''),
(16, '7', '曾蓁豔', '0914878778', 'bevan5915@gmail.com', 'G273803861', '1964-08-08', '桃園市', '2011-01-16 16:59:03', '', '', '', '', '', '', '', '', '', '', '', '', '', '', '', '', '', '', '', '', '', ''),
(17, '19', '邱瀚雅', '0914459730', 'carlisle2684@gmail.com', 'A176645050', '1985-04-28', '臺北市', '2018-10-08 04:18:30', '', '', '', '', '', '', '', '', '', '', '', '', '', '', '', '', '', '', '', '', '', ''),
(18, '13', '林海磊', '0924048846', 'stanley5682@hotmail.com', 'S146128041', '1971-12-05', '新竹縣', '2015-06-16 23:04:19', '', '', '', '', '', '', '', '', '', '', '', '', '', '', '', '', '', '', '', '', '', ''),
(19, '15', '廖影心', '0922325936', 'gomez962@yahoo.com', 'B277254332', '1970-12-19', '臺南市', '2017-01-23 14:24:27', '', '', '', '', '', '', '', '', '', '', '', '', '', '', '', '', '', '', '', '', '', ''),
(20, '14', '魏帆芊', '0924683487', 'frances8898@gmail.com', 'X203648192', '1965-02-09', '桃園市', '2009-04-02 13:15:54', '', '', '', '', '', '', '', '', '', '', '', '', '', '', '', '', '', '', '', '', '', ''),
(21, '20', '李景榮', '0922511843', 'peppernell3666@gmail.com', 'A174310385', '1964-10-28', '臺北市', '2009-04-17 18:13:35', '', '', '', '', '', '', '', '', '', '', '', '', '', '', '', '', '', '', '', '', '', ''),
(22, '12', '廖菲辰', '0952399390', 'hallie4036@hotmail.com', 'O285855210', '1962-12-22', '苗栗縣', '2008-05-18 01:01:23', '', '', '', '', '', '', '', '', '', '', '', '', '', '', '', '', '', '', '', '', '', ''),
(23, '4', '薛玲菡', '0971368643', 'bella2454@outlook.com', 'Z223504345', '1986-03-09', '桃園市', '2011-02-08 09:13:13', '', '', '', '', '', '', '', '', '', '', '', '', '', '', '', '', '', '', '', '', '', ''),
(24, '18', '孫汝濮', '0926066212', 'millie4439@gmail.com', 'S226748076', '1972-09-13', '新竹縣', '2008-03-07 07:02:40', '', '', '', '', '', '', '', '', '', '', '', '', '', '', '', '', '', '', '', '', '', ''),
(25, '15', '宋玲紫', '0914291770', 'liliana1484@outlook.com', 'T221258550', '1963-10-21', '桃園市', '2008-02-27 12:41:06', '', '', '', '', '', '', '', '', '', '', '', '', '', '', '', '', '', '', '', '', '', ''),
(26, '20', '許記錦', '0970904187', 'keith3829@gmail.com', 'O101639616', '1961-07-23', '彰化縣', '2014-08-31 23:29:40', '', '', '', '', '', '', '', '', '', '', '', '', '', '', '', '', '', '', '', '', '', ''),
(27, '11', '王凱汶', '0933843392', 'luke6571@hotmail.com', 'X123481931', '1964-06-16', '新北市', '2017-06-13 01:13:47', '', '', '', '', '', '', '', '', '', '', '', '', '', '', '', '', '', '', '', '', '', ''),
(28, '17', '鄧晶潞', '0956300829', 'gates6882@outlook.com', 'F256373765', '1969-10-10', '彰化縣', '2016-07-10 20:02:34', '', '', '', '', '', '', '', '', '', '', '', '', '', '', '', '', '', '', '', '', '', ''),
(29, '8', '涂尹霞', '0911751963', 'sanders6137@hotmail.com', 'O205629805', '2008-06-02', '臺東縣', '2016-01-03 15:22:55', '', '', '', '', '', '', '', '', '', '', '', '', '', '', '', '', '', '', '', '', '', ''),
(30, '17', '陳妹翊', '0914770274', 'paula868@yahoo.com', 'R281718646', '1990-07-08', '苗栗縣', '2011-12-10 06:00:32', '', '', '', '', '', '', '', '', '', '', '', '', '', '', '', '', '', '', '', '', '', ''),
(31, '8', '連景璇', '0926162050', 'janice5175@gmail.com', 'W297852440', '1965-07-01', '新竹縣', '2014-09-26 11:33:02', '', '', '', '', '', '', '', '', '', '', '', '', '', '', '', '', '', '', '', '', '', ''),
(32, '2', '白政謙', '0924375665', 'arnold3381@yahoo.com', 'D187644419', '2003-04-27', '臺中市', '2007-04-12 21:18:40', '', '', '', '', '', '', '', '', '', '', '', '', '', '', '', '', '', '', '', '', '', ''),
(33, '18', '黃利寶', '0930483636', 'liam885@gmail.com', 'S121521224', '1979-04-29', '雲林縣', '2014-05-04 05:42:39', '', '', '', '', '', '', '', '', '', '', '', '', '', '', '', '', '', '', '', '', '', ''),
(34, '20', '戴慈杭', '0932675221', 'witton3662@gmail.com', 'C127105650', '1979-09-25', '高雄市', '2008-01-05 17:32:46', '', '', '', '', '', '', '', '', '', '', '', '', '', '', '', '', '', '', '', '', '', ''),
(35, '6', '金羽順', '0961464417', 'isaiah2953@gmail.com', 'K167052411', '2014-04-20', '臺中市', '2017-10-26 06:11:56', '', '', '', '', '', '', '', '', '', '', '', '', '', '', '', '', '', '', '', '', '', ''),
(36, '2', '杜禹蓁', '0987520485', 'peters326@hotmail.com', 'C124990406', '2008-09-24', '苗栗縣', '2013-04-12 12:32:35', '', '', '', '', '', '', '', '', '', '', '', '', '', '', '', '', '', '', '', '', '', ''),
(37, '3', '巫晏薇', '0952347226', 'rahman8684@gmail.com', 'F266244048', '1973-03-06', '宜蘭縣', '2020-05-07 08:20:42', '', '', '', '', '', '', '', '', '', '', '', '', '', '', '', '', '', '', '', '', '', ''),
(38, '4', '徐泛韻', '0921612806', 'lisa2126@yahoo.com', 'E249884912', '1986-03-22', '臺中市', '2011-08-08 17:23:37', '', '', '', '', '', '', '', '', '', '', '', '', '', '', '', '', '', '', '', '', '', ''),
(39, '11', '周珈鈺', '0925182482', 'janice8340@outlook.com', 'G260706737', '2017-07-23', '屏東縣', '2007-08-06 17:11:50', '', '', '', '', '', '', '', '', '', '', '', '', '', '', '', '', '', '', '', '', '', ''),
(40, '16', '鄒寧豐', '0925912988', 'adrian5801@gmail.com', 'T198529024', '1984-02-19', '嘉義市', '2020-05-31 06:43:10', '', '', '', '', '', '', '', '', '', '', '', '', '', '', '', '', '', '', '', '', '', ''),
(41, '9', '蘇郜鶴', '0989878269', 'dylan9928@outlook.com', 'O154951990', '1988-01-17', '新北市', '2011-07-06 02:46:25', '', '', '', '', '', '', '', '', '', '', '', '', '', '', '', '', '', '', '', '', '', ''),
(42, '16', '盧卓筑', '0960502645', 'james7469@icloud.com', 'H266264542', '1999-05-09', '屏東縣', '2012-08-22 21:21:24', '', '', '', '', '', '', '', '', '', '', '', '', '', '', '', '', '', '', '', '', '', ''),
(43, '9', '彭展弘', '0939826608', 'mark5042@yahoo.com', 'Z174942217', '1961-02-15', '桃園市', '2014-09-21 12:39:19', '', '', '', '', '', '', '', '', '', '', '', '', '', '', '', '', '', '', '', '', '', ''),
(44, '18', '劉呈棠', '0931373835', 'linda7504@gmail.com', 'K239801764', '2005-12-03', '花蓮縣', '2019-03-18 16:11:04', '', '', '', '', '', '', '', '', '', '', '', '', '', '', '', '', '', '', '', '', '', ''),
(45, '12', '吳博鴻', '0958536979', 'jeremiah8731@yahoo.com', 'N197262070', '1989-12-29', '高雄市', '2011-06-13 16:18:00', '', '', '', '', '', '', '', '', '', '', '', '', '', '', '', '', '', '', '', '', '', ''),
(46, '18', '許保致', '0911553009', 'diaz9525@hotmail.com', 'I194306209', '1984-01-12', '臺南市', '2010-09-20 07:31:04', '', '', '', '', '', '', '', '', '', '', '', '', '', '', '', '', '', '', '', '', '', ''),
(47, '6', '姚勁懋', '0927807739', 'benton8520@gmail.com', 'R130337524', '1964-02-28', '臺中市', '2010-10-31 13:03:56', '', '', '', '', '', '', '', '', '', '', '', '', '', '', '', '', '', '', '', '', '', ''),
(48, '18', '龔港玉', '0952792763', 'matthias9364@yahoo.com', 'D121056444', '1961-06-04', '桃園市', '2010-01-18 00:52:39', '', '', '', '', '', '', '', '', '', '', '', '', '', '', '', '', '', '', '', '', '', ''),
(49, '12', '魏帆曄', '0931532615', 'carter9448@icloud.com', 'J148296394', '2017-09-02', '彰化縣', '2010-09-28 11:05:35', '', '', '', '', '', '', '', '', '', '', '', '', '', '', '', '', '', '', '', '', '', ''),
(50, '13', '蔡丞宸', '0922451547', 'mariah4718@hotmail.com', 'R218133239', '1992-05-28', '南投縣', '2007-03-02 17:11:00', '', '', '', '', '', '', '', '', '', '', '', '', '', '', '', '', '', '', '', '', '', ''),
(51, '9', '阮庭美', '0963362028', 'watson8701@icloud.com', 'H228584429', '2015-05-27', '屏東縣', '2019-11-01 11:22:40', '', '', '', '', '', '', '', '', '', '', '', '', '', '', '', '', '', '', '', '', '', ''),
(52, '9', '高樹潤', '0911687499', 'claire6612@gmail.com', 'H184694680', '2002-02-23', '南投縣', '2017-05-16 18:35:41', '', '', '', '', '', '', '', '', '', '', '', '', '', '', '', '', '', '', '', '', '', ''),
(53, '8', '李盛鬆', '0954878849', 'watson5755@hotmail.com', 'I141496201', '2020-07-07', '宜蘭縣', '2019-07-18 16:16:18', '', '', '', '', '', '', '', '', '', '', '', '', '', '', '', '', '', '', '', '', '', ''),
(54, '15', '黃瑋芮', '0968939650', 'peters6018@gmail.com', 'W205315705', '1977-03-25', '新竹縣', '2013-03-12 02:13:53', '', '', '', '', '', '', '', '', '', '', '', '', '', '', '', '', '', '', '', '', '', ''),
(55, '6', '張中宥', '0989876090', 'mikaela7476@gmail.com', 'L204079709', '1969-09-24', '雲林縣', '2018-10-06 06:30:08', '', '', '', '', '', '', '', '', '', '', '', '', '', '', '', '', '', '', '', '', '', ''),
(56, '3', '龔明飄', '0922130323', 'carolyn1841@gmail.com', 'D247892522', '1979-11-08', '雲林縣', '2010-08-22 09:43:13', '', '', '', '', '', '', '', '', '', '', '', '', '', '', '', '', '', '', '', '', '', ''),
(57, '13', '趙義羽', '0934090291', 'christophe5745@hotmail.co', 'P177660400', '1991-08-27', '宜蘭縣', '2010-06-12 21:32:46', '', '', '', '', '', '', '', '', '', '', '', '', '', '', '', '', '', '', '', '', '', ''),
(58, '19', '張安芊', '0970854418', 'amanda6484@hotmail.com', 'M244510815', '1964-12-03', '高雄市', '2019-12-31 11:25:28', '', '', '', '', '', '', '', '', '', '', '', '', '', '', '', '', '', '', '', '', '', ''),
(59, '1', '王璐綺', '0936791229', 'lily3131@gmail.com', 'T225683488', '2009-01-19', '高雄市', '2008-01-20 20:42:01', '', '', '', '', '', '', '', '', '', '', '', '', '', '', '', '', '', '', '', '', '', ''),
(60, '15', '古冬琴', '0987573289', 'evangeline1731@hotmail.co', 'H255999212', '2008-07-30', '宜蘭縣', '2018-03-02 11:59:05', '', '', '', '', '', '', '', '', '', '', '', '', '', '', '', '', '', '', '', '', '', ''),
(61, '12', '孫凱棟', '0963960419', 'jefferson3928@hotmail.com', 'R131289769', '2018-02-15', '彰化縣', '2017-02-09 21:42:06', '', '', '', '', '', '', '', '', '', '', '', '', '', '', '', '', '', '', '', '', '', ''),
(62, '15', '吳書隆', '0921471694', 'landrum1370@hotmail.com', 'I133706690', '1966-07-04', '新竹縣', '2016-04-09 14:48:29', '', '', '', '', '', '', '', '', '', '', '', '', '', '', '', '', '', '', '', '', '', ''),
(63, '17', '方容錦', '0954581527', 'jeffries3584@gmail.com', 'P177849796', '2005-09-07', '臺中市', '2007-04-02 11:47:59', '', '', '', '', '', '', '', '', '', '', '', '', '', '', '', '', '', '', '', '', '', ''),
(64, '12', '施玉鑫', '0914258868', 'alex7279@gmail.com', 'Z147050986', '2015-09-09', '臺南市', '2020-03-17 15:17:33', '', '', '', '', '', '', '', '', '', '', '', '', '', '', '', '', '', '', '', '', '', ''),
(65, '10', '鄭仁東', '0956088437', 'longoria7677@yahoo.com', 'C165273264', '1966-09-23', '臺中市', '2013-07-29 08:14:22', '', '', '', '', '', '', '', '', '', '', '', '', '', '', '', '', '', '', '', '', '', ''),
(66, '16', '賴喧璐', '0921064034', 'stephanie3777@gmail.com', 'B239003466', '1997-11-27', '新北市', '2006-10-16 19:35:56', '', '', '', '', '', '', '', '', '', '', '', '', '', '', '', '', '', '', '', '', '', ''),
(67, '16', '白培影', '0911242793', 'riperton562@gmail.com', 'W265127105', '1980-11-15', '宜蘭縣', '2007-04-02 18:28:05', '', '', '', '', '', '', '', '', '', '', '', '', '', '', '', '', '', '', '', '', '', ''),
(68, '6', '林昀金', '0924761353', 'julie1862@yahoo.com', 'R208560699', '2011-11-10', '苗栗縣', '2017-10-08 06:43:40', '', '', '', '', '', '', '', '', '', '', '', '', '', '', '', '', '', '', '', '', '', ''),
(69, '20', '楊樂霜', '0934837487', 'jarrod5905@yahoo.com', 'M173478995', '2020-06-18', '臺中市', '2009-04-04 15:41:36', '', '', '', '', '', '', '', '', '', '', '', '', '', '', '', '', '', '', '', '', '', ''),
(70, '10', '陳婷梅', '0913316849', 'cockburn2687@hotmail.com', 'M249809817', '1985-06-08', '高雄市', '2016-01-23 00:24:04', '', '', '', '', '', '', '', '', '', '', '', '', '', '', '', '', '', '', '', '', '', ''),
(71, '5', '李婉星', '0963848975', 'maggie3381@outlook.com', 'P204431364', '2005-07-14', '彰化縣', '2008-06-22 01:38:58', '', '', '', '', '', '', '', '', '', '', '', '', '', '', '', '', '', '', '', '', '', ''),
(72, '2', '高慈浩', '0927256237', 'sebastian6407@gmail.com', 'T177822771', '1972-05-10', '彰化縣', '2018-04-09 20:15:37', '', '', '', '', '', '', '', '', '', '', '', '', '', '', '', '', '', '', '', '', '', ''),
(73, '4', '侯晟維', '0955986783', 'terry6409@gmail.com', 'W168904737', '1967-01-11', '彰化縣', '2009-12-15 15:34:23', '', '', '', '', '', '', '', '', '', '', '', '', '', '', '', '', '', '', '', '', '', ''),
(74, '3', '錢祥記', '0953548566', 'raphael9519@hotmail.com', 'Y113899217', '2012-07-28', '新竹縣', '2015-09-21 17:54:59', '', '', '', '', '', '', '', '', '', '', '', '', '', '', '', '', '', '', '', '', '', ''),
(75, '19', '阮懷聖', '0915720059', 'martin3675@icloud.com', 'H156473091', '1988-01-08', '高雄市', '2014-02-22 19:01:20', '', '', '', '', '', '', '', '', '', '', '', '', '', '', '', '', '', '', '', '', '', ''),
(76, '14', '楊奕韋', '0921447440', 'donovan2026@gmail.com', 'H285381264', '1962-04-18', '桃園市', '2017-02-11 02:40:35', '', '', '', '', '', '', '', '', '', '', '', '', '', '', '', '', '', '', '', '', '', ''),
(77, '4', '黃玫芊', '0923344226', 'hall8986@hotmail.com', 'K266521320', '1992-12-15', '彰化縣', '2007-07-04 01:33:03', '', '', '', '', '', '', '', '', '', '', '', '', '', '', '', '', '', '', '', '', '', ''),
(78, '17', '林流韶', '0982185929', 'mickey9790@gmail.com', 'X188358499', '2020-06-20', '新竹市', '2012-10-21 19:33:37', '', '', '', '', '', '', '', '', '', '', '', '', '', '', '', '', '', '', '', '', '', ''),
(79, '14', '鄭威育', '0931272252', 'anderson2965@yahoo.com', 'H127438551', '2013-02-04', '高雄市', '2011-09-15 07:39:35', '', '', '', '', '', '', '', '', '', '', '', '', '', '', '', '', '', '', '', '', '', ''),
(80, '7', '姜燦聖', '0928473410', 'jarrod5354@gmail.com', 'V117693498', '1997-04-01', '屏東縣', '2016-01-05 18:37:35', '', '', '', '', '', '', '', '', '', '', '', '', '', '', '', '', '', '', '', '', '', ''),
(81, '12', '黎昀沐', '0952635530', 'turner3892@gmail.com', 'P233088037', '2008-07-21', '臺中市', '2014-05-07 21:22:15', '', '', '', '', '', '', '', '', '', '', '', '', '', '', '', '', '', '', '', '', '', ''),
(82, '6', '洪平錦', '0960672722', 'mulligan8779@gmail.com', 'E101284676', '2018-06-05', '屏東縣', '2018-03-14 03:47:21', '', '', '', '', '', '', '', '', '', '', '', '', '', '', '', '', '', '', '', '', '', ''),
(83, '14', '余永瑋', '0937012327', 'griffin118@gmail.com', 'W132624491', '1996-12-25', '臺南市', '2018-02-04 22:12:52', '', '', '', '', '', '', '', '', '', '', '', '', '', '', '', '', '', '', '', '', '', ''),
(84, '7', '魏哲雪', '0989382983', 'scott619@hotmail.com', 'A162880881', '2018-05-18', '臺南市', '2012-06-29 13:34:30', '', '', '', '', '', '', '', '', '', '', '', '', '', '', '', '', '', '', '', '', '', ''),
(85, '1', '柯森流', '0928766889', 'jones9427@gmail.com', 'A110038955', '1965-07-11', '桃園市', '2010-08-25 11:03:25', '', '', '', '', '', '', '', '', '', '', '', '', '', '', '', '', '', '', '', '', '', ''),
(86, '16', '連梓盈', '0963548025', 'cheryl7193@gmail.com', 'E206404214', '1979-05-15', '新竹縣', '2013-07-09 11:01:16', '', '', '', '', '', '', '', '', '', '', '', '', '', '', '', '', '', '', '', '', '', ''),
(87, '8', '杜彥耀', '0921678971', 'dorian104@outlook.com', 'A182037500', '1961-04-15', '臺北市', '2019-01-08 05:47:12', '', '', '', '', '', '', '', '', '', '', '', '', '', '', '', '', '', '', '', '', '', ''),
(88, '1', '侯喧肇', '0938357657', 'ortiz2335@gmail.com', 'U263297496', '2020-05-30', '臺南市', '2013-02-14 10:49:49', '', '', '', '', '', '', '', '', '', '', '', '', '', '', '', '', '', '', '', '', '', ''),
(89, '12', '劉叡國', '0915354878', 'omid6870@gmail.com', 'E108333323', '1979-03-27', '屏東縣', '2009-09-17 18:19:27', '', '', '', '', '', '', '', '', '', '', '', '', '', '', '', '', '', '', '', '', '', ''),
(90, '1', '陳于銀', '0910098587', 'cheryl7514@hotmail.com', 'X269681144', '1961-09-08', '臺中市', '2008-07-15 02:25:00', '', '', '', '', '', '', '', '', '', '', '', '', '', '', '', '', '', '', '', '', '', ''),
(91, '13', '李劉晗', '0961273719', 'jalen5222@gmail.com', 'F134255248', '2018-04-01', '臺中市', '2019-11-23 12:08:23', '', '', '', '', '', '', '', '', '', '', '', '', '', '', '', '', '', '', '', '', '', ''),
(92, '14', '林睿禹', '0917928027', 'wood3800@hotmail.com', 'A235441549', '1992-04-30', '臺南市', '2019-01-29 21:34:22', '', '', '', '', '', '', '', '', '', '', '', '', '', '', '', '', '', '', '', '', '', ''),
(93, '20', '林月欽', '0931786310', 'ortiz8911@gmail.com', 'S131187878', '1966-08-04', '苗栗縣', '2015-03-03 10:35:30', '', '', '', '', '', '', '', '', '', '', '', '', '', '', '', '', '', '', '', '', '', ''),
(94, '6', '藍恆昌', '0968885475', 'murphy8113@gmail.com', 'W181515970', '2006-02-20', '高雄市', '2011-12-23 23:48:19', '', '', '', '', '', '', '', '', '', '', '', '', '', '', '', '', '', '', '', '', '', ''),
(95, '2', '楊諄順', '0921532248', 'hall6090@hotmail.com', 'J154701600', '1965-05-05', '嘉義市', '2008-07-17 00:14:20', '', '', '', '', '', '', '', '', '', '', '', '', '', '', '', '', '', '', '', '', '', ''),
(96, '4', '張進韻', '0923615417', 'claire1507@icloud.com', 'F250600370', '1979-02-07', '南投縣', '2011-08-24 08:09:21', '', '', '', '', '', '', '', '', '', '', '', '', '', '', '', '', '', '', '', '', '', ''),
(97, '10', '宋姣筱', '0927616196', 'erin2660@outlook.com', 'N298987345', '2007-02-21', '新北市', '2018-12-28 09:46:59', '', '', '', '', '', '', '', '', '', '', '', '', '', '', '', '', '', '', '', '', '', ''),
(98, '16', '郭然益', '0970452597', 'aubrey8640@gmail.com', 'F108810988', '1997-01-15', '雲林縣', '2008-08-23 22:19:07', '', '', '', '', '', '', '', '', '', '', '', '', '', '', '', '', '', '', '', '', '', ''),
(99, '7', '簡道鴻', '0960470316', 'nicole790@hotmail.com', 'U117540688', '1978-03-28', '桃園市', '2012-12-16 04:02:56', '', '', '', '', '', '', '', '', '', '', '', '', '', '', '', '', '', '', '', '', '', ''),
(100, '19', '林召招', '0913669485', 'ronald1230@gmail.com', 'F167985411', '2005-02-24', '屏東縣', '2024-03-21 06:21:57', '', '', '', '', '', '', '', '', '', '', '', '', '', '', '', '', '', '', '', '', '', ''),
(104, '97', '李某某', '0986123456', 'lars108218@gmail.com', 'R123456789', '2000-08-05', '育平里育平路214號', '2024-03-24 06:40:18', '', '', '', '', '', '', '', '', '', '', '', '', '', '', '', '', '', '', '', '', '', '');

-- --------------------------------------------------------

--
-- 資料表結構 `interest_list`
--

CREATE TABLE `interest_list` (
  `sid` int(4) NOT NULL COMMENT '起頭編號',
  `name` varchar(4) NOT NULL COMMENT '姓名',
  `mobile` varchar(15) NOT NULL COMMENT '電話',
  `email` varchar(30) NOT NULL COMMENT '信箱',
  `contect` varchar(200) NOT NULL COMMENT '想了解的行程/國家/地點',
  `calltime` date NOT NULL COMMENT '聯繫時間'
) ENGINE=InnoDB DEFAULT CHARSET=utf8mb4 COLLATE=utf8mb4_general_ci;

--
-- 傾印資料表的資料 `interest_list`
--

INSERT INTO `interest_list` (`sid`, `name`, `mobile`, `email`, `contect`, `calltime`) VALUES
(1, '邱可臻', '0961932960', 'alexis9264@gmail.com', '日本5天', '2024-10-05'),
(2, '張俊鳴', '0930103743', 'jalen2788@gmail.com', '', '2024-08-19'),
(3, '蘇懿葉', '0922275759', 'isabelle7235@hotmail.com', '', '2024-02-13'),
(4, '吳世天', '0971355424', 'ortiz4714@gmail.com', '', '2024-07-13'),
(5, '王孝濱', '0920514811', 'brooks7283@gmail.com', '', '2023-04-27'),
(6, '宋敏蓁', '0911733404', 'linda1825@gmail.com', '', '2024-12-20'),
(7, '嚴揚紈', '0914904035', 'lily582@yahoo.com', '', '2023-12-06'),
(8, '陳冠熹', '0929416551', 'kirk4116@gmail.com', '', '2023-01-11'),
(9, '何浚羣', '0952332408', 'lyn2155@outlook.com', '', '2023-03-19'),
(10, '王禧謙', '0955323722', 'fawcett8122@gmail.com', '', '2023-09-14'),
(11, '周貴鑾', '0934514297', 'richardson9885@yahoo.com', '', '2023-07-01'),
(12, '謝堇浚', '0921363339', 'adrian9153@outlook.com', '', '2023-03-22'),
(13, '陳振洋', '0937893518', 'breslin6710@hotmail.com', '', '2023-04-27'),
(14, '孫材浚', '0954151914', 'mitch6462@icloud.com', '', '2024-06-01'),
(15, '李寶馳', '0954145758', 'jerry7398@gmail.com', '', '2023-10-07'),
(16, '吳慶琉', '0916688180', 'castillo6051@yahoo.com', '', '2024-11-18'),
(17, '金夏華', '0982742591', 'vanessa9216@hotmail.com', '', '2024-12-07'),
(18, '湯安逞', '0910298388', 'luke3540@icloud.com', '', '2023-12-01'),
(19, '郭宥泰', '0929523541', 'quinn7956@gmail.com', '', '2024-04-08'),
(20, '陳斯楠', '0986820185', 'jaime771@gmail.com', '', '2024-11-03'),
(21, '陳信淳', '0916260069', 'harris1922@gmail.com', '', '2023-02-09'),
(22, '葉恩才', '0915026227', 'kobe6276@outlook.com', '', '2023-12-29'),
(23, '黎宸穎', '0918803391', 'charlotte3192@outlook.com', '', '2024-10-27'),
(24, '鄧娟鳳', '0986517415', 'stewart2043@gmail.com', '', '2023-02-10'),
(25, '楊瞻辰', '0919663496', 'farmiga6848@yahoo.com', '', '2023-11-30'),
(26, '黃培曉', '0963526068', 'linda3396@outlook.com', '', '2024-11-03'),
(27, '劉純臻', '0986068860', 'frances3080@yahoo.com', '', '2024-10-15'),
(28, '鍾名展', '0935993417', 'matthias2080@gmail.com', '', '2024-10-12'),
(29, '高晏曄', '0922177062', 'calder3512@gmail.com', '', '2024-09-13'),
(30, '陳筑羚', '0963207241', 'chavez1487@gmail.com', '', '2023-12-31'),
(31, '洪翊芮', '0930701059', 'hammer702@yahoo.com', '', '2024-11-21'),
(32, '楊瀾華', '0928021842', 'lee8127@gmail.com', '', '2024-10-16'),
(33, '黃凱江', '0972244780', 'elijah1732@outlook.com', '', '2023-08-19'),
(34, '蔡俊舒', '0982462754', 'peterson5432@hotmail.com', '', '2024-08-02'),
(35, '侯元晗', '0922302625', 'lucas8078@gmail.com', '', '2024-09-30'),
(36, '蔣宛漢', '0913378429', 'stephanie4692@gmail.com', '', '2024-07-21'),
(37, '謝淇筠', '0958069372', 'linda9440@gmail.com', '', '2024-01-03'),
(38, '鄒佑辰', '0934669365', 'morgan5145@gmail.com', '', '2024-07-20'),
(39, '周禹詠', '0939393713', 'watson3070@gmail.com', '', '2024-04-13'),
(40, '鄭召濱', '0924600738', 'griffin5352@gmail.com', '', '2023-11-03'),
(41, '盧婉藝', '0936078929', 'walton7017@hotmail.com', '', '2024-02-15'),
(42, '王賢輝', '0919520596', 'willie7626@icloud.com', '', '2024-02-18'),
(43, '林平語', '0961522633', 'douglas1410@gmail.com', '', '2023-08-03'),
(44, '楊尹萍', '0986490271', 'donovan142@yahoo.com', '', '2023-03-06'),
(45, '朱婷寶', '0982974087', 'hannah7299@outlook.com', '', '2023-03-29'),
(46, '徐娟嫣', '0956157384', 'blanchard8846@gmail.com', '', '2023-10-17'),
(47, '鐘乾傑', '0989591085', 'mraz6133@outlook.com', '', '2024-02-08'),
(48, '涂暢潮', '0917592717', 'orrico7114@gmail.com', '', '2024-03-18'),
(49, '劉爾瑋', '0918347801', 'gardner6348@gmail.com', '', '2024-11-21'),
(50, '董叡韶', '0952730448', 'willy444@gmail.com', '', '2023-12-05'),
(51, '王功晤', '0988638910', 'nathan7372@hotmail.com', '', '2023-02-17'),
(52, '周宜麗', '0939673233', 'sandra2574@gmail.com', '', '2023-04-30'),
(53, '賴亮銘', '0972109919', 'turner7629@gmail.com', '', '2023-08-06'),
(54, '姜碩義', '0917711800', 'glenn7553@yahoo.com', '', '2023-11-21'),
(55, '吳先語', '0914889428', 'gates4679@hotmail.com', '', '2023-02-02'),
(56, '卓洢穎', '0924884604', 'sarah5266@gmail.com', '', '2024-05-20'),
(57, '黎培芪', '0986951388', 'jillian708@hotmail.com', '', '2023-03-20'),
(58, '吳函靈', '0970742758', 'turner5006@outlook.com', '', '2024-04-08'),
(59, '鄭如芪', '0987103583', 'paisley1611@gmail.com', '', '2023-07-06'),
(60, '吳珊菁', '0923147844', 'grant479@outlook.com', '', '2024-01-12'),
(61, '侯芳術', '0914361764', 'kaylee8471@outlook.com', '', '2024-12-18'),
(62, '巫哲暉', '0937961902', 'johnson3801@outlook.com', '', '2024-12-01'),
(63, '程君韻', '0939662449', 'lyn2159@outlook.com', '', '2023-04-28'),
(64, '陳凡舒', '0912835513', 'lucy3673@gmail.com', '', '2023-11-15'),
(65, '李先露', '0960070986', 'mariah7254@hotmail.com', '', '2024-01-05'),
(66, '劉瓊黛', '0971771751', 'mulligan9172@gmail.com', '', '2024-04-01'),
(67, '許庭淼', '0923470410', 'ralph6367@yahoo.com', '', '2024-07-31'),
(68, '劉振祟', '0960946412', 'robinson4244@gmail.com', '', '2024-04-22'),
(69, '邱妤瑗', '0986583632', 'clementine6501@yahoo.com', '', '2024-02-23'),
(70, '徐才洋', '0968841947', 'keith9830@yahoo.com', '', '2024-05-25'),
(71, '黃勵懷', '0931055883', 'connor5919@hotmail.com', '', '2024-02-05'),
(72, '黃光恩', '0913865030', 'jonathan8323@hotmail.com', '', '2023-09-20'),
(73, '石宛海', '0989874006', 'howard5042@gmail.com', '', '2024-09-01'),
(74, '游楚鋭', '0910604059', 'joe5722@yahoo.com', '', '2024-04-07'),
(75, '康昭湘', '0927704819', 'asher8731@hotmail.com', '', '2024-12-21'),
(76, '尤念盧', '0918172252', 'hughes3284@outlook.com', '', '2023-05-23'),
(77, '張欽藻', '0987694234', 'roy9630@gmail.com', '', '2024-08-23'),
(78, '陳呈立', '0917849295', 'lena3318@gmail.com', '', '2024-06-18'),
(79, '連和琪', '0917708546', 'alicia8860@gmail.com', '', '2024-08-18'),
(80, '傅彤韻', '0958152870', 'alvarez234@gmail.com', '', '2023-02-13'),
(81, '彭宥理', '0923981103', 'christensen1542@gmail.com', '', '2023-01-19'),
(82, '張悦易', '0936830167', 'mikayla8553@gmail.com', '', '2024-04-16'),
(83, '湯凌婉', '0970185093', 'garcia7632@gmail.com', '', '2023-12-04'),
(84, '侯歌茹', '0933265879', 'mcmann3883@outlook.com', '', '2024-04-25'),
(85, '鄧嬋芯', '0917356887', 'chantel5263@yahoo.com', '', '2024-12-24'),
(86, '林俞璟', '0918241997', 'harris8371@gmail.com', '', '2024-01-12'),
(87, '劉晉楠', '0963127178', 'sutton722@hotmail.com', '', '2023-12-25'),
(88, '王恩珺', '0934327081', 'sarah7368@hotmail.com', '', '2023-06-22'),
(89, '涂玉茹', '0935817440', 'gunter4994@hotmail.com', '', '2024-01-24'),
(90, '李緹莘', '0913402853', 'jefferson5188@hotmail.com', '', '2024-09-04'),
(91, '阮諄陣', '0915943259', 'buckley3836@outlook.com', '', '2024-05-20'),
(92, '黎豪霜', '0911069451', 'bagshawe7975@yahoo.com', '', '2023-01-21'),
(93, '張寶書', '0921949038', 'gilbert5514@gmail.com', '', '2023-07-21'),
(94, '林妤育', '0953077357', 'harmon6541@yahoo.com', '', '2023-07-03'),
(95, '張懋諄', '0968863646', 'shelley2012@gmail.com', '', '2023-04-06'),
(96, '湯瑩苡', '0911540170', 'debra9846@gmail.com', '', '2023-12-09'),
(97, '楊珂穎', '0928887078', 'debra6494@gmail.com', '', '2023-05-18'),
(98, '許倩萱', '0922851254', 'lyn3988@outlook.com', '', '2024-08-14'),
(99, '謝曼源', '0915283752', 'maria9294@hotmail.com', '', '2024-02-24'),
(100, '張月靜', '0961800523', 'hammer4049@gmail.com', '', '2023-12-28'),
(101, '我猜猜', '0900000099', 'miyohatsu@gmail.com', 'qqqqq', '2024-03-11'),
(103, '我猜猜', '0900007898', 'miyohatsu@gmail.com', 'sadxfg', '2024-03-19'),
(105, '我不猜', '0900000888', 'miyoha11tsu@gmail.com', '韓國7天', '2024-03-22');

-- --------------------------------------------------------

--
-- 資料表結構 `members`
--

CREATE TABLE `members` (
  `member_id` int(30) NOT NULL,
  `guest_id` int(30) DEFAULT NULL,
  `email` varchar(225) NOT NULL,
  `password` varchar(225) NOT NULL,
  `member_name` varchar(225) NOT NULL,
  `nickname` varchar(225) NOT NULL,
  `remaining_points` int(20) NOT NULL,
  `phone_number` varchar(20) NOT NULL,
  `registration_time` datetime NOT NULL,
  `last_login_time` datetime DEFAULT NULL
) ENGINE=InnoDB DEFAULT CHARSET=utf8mb4 COLLATE=utf8mb4_general_ci;

--
-- 傾印資料表的資料 `members`
--

INSERT INTO `members` (`member_id`, `guest_id`, `email`, `password`, `member_name`, `nickname`, `remaining_points`, `phone_number`, `registration_time`, `last_login_time`) VALUES
(240311001, 555, 'lars108218@gmail.com', '123456', '李千囷', '囷', 50, '0986108218', '2024-03-11 09:50:39', NULL),
(240311002, NULL, 'didi860725@gmail.com', '123456', 'Laurance', 'Lars', 500, '0908710032', '2024-03-11 13:01:41', NULL);

-- --------------------------------------------------------

--
-- 資料表結構 `order`
--

CREATE TABLE `order` (
  `order_id` int(255) NOT NULL,
  `transaction_id` varchar(255) NOT NULL,
  `customer_id` int(50) DEFAULT NULL,
  `purchaser_name` varchar(50) DEFAULT NULL,
  `purchaser_mobile` varchar(50) DEFAULT NULL,
  `purchaser_email` varchar(50) DEFAULT NULL,
  `recipient_name` varchar(50) DEFAULT NULL,
  `recipient_mobile` varchar(50) DEFAULT NULL,
  `total_amount` int(50) NOT NULL,
  `payment_method` varchar(50) DEFAULT NULL,
  `shipping_method` varchar(50) DEFAULT NULL,
  `shipping_address` varchar(50) DEFAULT NULL,
  `invoice_type` varchar(50) DEFAULT NULL,
  `invoice_code` varchar(50) DEFAULT NULL,
  `company_title` varchar(50) DEFAULT NULL,
  `order_date` datetime DEFAULT NULL,
  `payment_status` varchar(50) DEFAULT NULL,
  `shipping_status` varchar(50) DEFAULT NULL,
  `shipping_date` datetime DEFAULT NULL,
  `order_status` varchar(50) DEFAULT NULL
) ENGINE=InnoDB DEFAULT CHARSET=utf8mb4 COLLATE=utf8mb4_general_ci;

--
-- 傾印資料表的資料 `order`
--

INSERT INTO `order` (`order_id`, `transaction_id`, `customer_id`, `purchaser_name`, `purchaser_mobile`, `purchaser_email`, `recipient_name`, `recipient_mobile`, `total_amount`, `payment_method`, `shipping_method`, `shipping_address`, `invoice_type`, `invoice_code`, `company_title`, `order_date`, `payment_status`, `shipping_status`, `shipping_date`, `order_status`) VALUES
(25, '20240311000000', 2, 'WWW', '0910123123', '123123@gmail.com', 'WWW', '0910123123', 2190, 'LINE PAY', '超取', '台南市中西區民族路二段212號', '二聯電子發票', '/ZDFGF45', 'NONE', '2024-03-13 19:03:55', '已付款', '未出貨', '2024-03-14 00:00:00', '處理中'),
(26, '20240313000001', NULL, '董柏翰', '0987654321', 'random1@example.com', 'doge', '0922453087', 30360, 'ATM', '宅配', '台南市永康區南台街1號', '二聯電子發票', '/DSF53F1', 'NONE', '2023-05-27 09:14:33', '已付款', '已出貨', '2024-03-20 00:00:00', '完成'),
(27, '20240313000002', NULL, '李詩涵', '0923456789', 'user2@mail.com', 'dog', '0960167219', 5700, 'ATM', '宅配', '台南市安南區大眾路360號', '二聯電子發票', '/DSF53F1', 'NONE', '2023-09-18 16:27:51', '已付款', '已出貨', '2023-09-20 22:35:28', '完成'),
(28, '20240313000003', NULL, '蕭怡萱', '0978912345', 'test3@gmail.com', 'dog', '0907144351', 35952, 'LINE PAY', '宅配', '台南市中西區南門路二號', '二聯電子發票', '/DSF53F1', 'NONE', '2023-11-04 11:03:22', '已付款', '已出貨', '2024-03-09 00:00:00', '完成'),
(29, '20240313000004', NULL, '郭家豪', '0967891234', 'info4@yahoo.com', 'dog', '0947033324', 10530, 'ATM', '宅配', '台南市永康區南台街1號', '二聯電子發票', '/DSF53F1', 'NONE', '2023-02-08 20:45:14', '已付款', '已出貨', '2023-02-19 05:12:33', '完成'),
(30, '20240313000005', NULL, '張宗翰', '0912876543', 'example5@outlook.com', 'dog', '0969768640', 66070, 'ATM', '宅配', ' 台北市信義區信義路五段7號', '二聯電子發票', '/DSF53F1', 'NONE', '2023-07-15 14:59:28', '已付款', '已出貨', '2023-11-10 16:28:49', '完成'),
(31, '20240313000006', NULL, '彭佳穎', '0934567891', 'johndoe6@domain.com', 'dog', '0956789789', 12096, 'ATM', '宅配', '台南市永康區南台街1號', '二聯電子發票', '/DSF53F1', 'NONE', '2023-12-29 05:37:59', '已付款', '已出貨', '2023-12-31 09:47:21', '完成'),
(32, '20240313000007', NULL, '徐宜庭', '0912345678', 'jane7@example.org', 'dog', '0910111222', 11900, 'LINE PAY', '超取', '台南市仁德區大利路47號', '二聯電子發票', '/DSF53F1', 'NONE', '2023-03-22 18:20:46', '已付款', '已出貨', '2023-06-04 19:55:14', '完成'),
(33, '20240313000008', NULL, '羅郁婷', '0945678912', 'randomuser8@mail.com', 'dog', '0912345678', 7995, 'ATM', '宅配', '台南市永康區南台街1號', '二聯電子發票', '/DSF53F1', 'NONE', '2023-08-11 10:55:37', '已付款', '已出貨', '2023-08-17 08:39:28', '完成'),
(34, '20240313000009', NULL, '張宏', '0956789123', 'testuser9@gmail.com', 'dog', '0998765432', 38270, '貨到付款', '超取', '台南市中西區永福路二段97巷', '二聯電子發票', '/DSF53F1', 'NONE', '2023-06-03 07:31:09', '已付款', '已出貨', '2023-06-14 11:26:59', '完成'),
(35, '20240313000010', NULL, '蕭雅婷', '0998765432', 'example10@yahoo.com', 'dog', '0956789123', 8208, 'ATM', '宅配', '台南市永康區南台街1號', '二聯電子發票', '/DSF53F1', 'NONE', '2023-10-09 23:08:40', '已付款', '已出貨', '2023-12-15 22:15:46', '完成'),
(36, '20240313000011', NULL, '沈雅筑', '0987654321', 'user1@example.com', 'dog', '0923456789', 38646, '貨到付款', '超取', '台南市北區林森路三段', '二聯電子發票', '/DSF53F1', 'NONE', '2023-07-29 15:42:09', '已付款', '已出貨', '2023-07-31 14:58:37', '完成'),
(37, '20240313000012', NULL, '曾怡萱', '0923456789', 'test2@mail.com', 'dog', '0945678912', 10005, 'LINE PAY', '宅配', '台南市永康區南台街1號', '二聯電子發票', '/DSF53F1', 'NONE', '2023-11-18 08:27:56', '已付款', '已出貨', '2023-11-21 17:32:09', '完成'),
(38, '20240313000013', NULL, '馮家豪', '0978912345', 'example3@gmail.com', 'dog', '0987654321', 58368, 'ATM', '宅配', '台南市中西區南門路2號', '二聯電子發票', '/DSF53F1', 'NONE', '2023-08-03 19:13:28', '已付款', '已出貨', '2023-10-29 07:08:40', '完成'),
(39, '20240313000014', NULL, '蕭怡君', '0967891234', 'info4@yahoo.com', 'dog', '0978912345', 9126, 'ATM', '超取', '台北市中正區中正紀念堂', '二聯電子發票', '/DSF53F1', 'NONE', '2023-06-25 10:55:40', '已付款', '已出貨', '2023-06-28 13:24:17', '完成'),
(40, '20240313000015', NULL, '張彥廷', '0912876543', 'johndoe5@outlook.com', 'dog', '0934567891', 58140, 'LINE PAY', '宅配', '台南市永康區南台街1號', '二聯電子發票', '/DSF53F1', 'NONE', '2023-03-14 12:30:17', '已付款', '已出貨', '2023-03-25 18:06:50', '完成'),
(41, '20240313000016', NULL, '謝冠宇', '0934567891', 'jane6@domain.com', 'dog', '0967891234', 4550, '貨到付款', '超取', '台北市大同區迪化街一段', '二聯電子發票', '/DSF53F1', 'NONE', '2023-12-05 21:48:33', '已付款', '已出貨', '2023-12-09 03:33:44', '完成'),
(42, '20240313000017', NULL, '吳家瑋', '0912345678', 'randomuser7@example.org', 'dog', '0912876543', 22593, 'ATM', '宅配', '台南市中西區神農街58-1號', '二聯電子發票', '/DSF53F1', 'NONE', '2023-09-17 16:20:04', '已付款', '已出貨', '2023-09-20 20:49:08', '完成'),
(43, '20240313000018', NULL, '馮冠廷', '0945678912', 'testuser8@mail.com', 'dog', '0956234569', 9480, '貨到付款', '宅配', '台北市中山區北安路139號', '二聯電子發票', '/DSF53F1', 'NONE', '2023-04-09 07:59:22', '已付款', '已出貨', '2023-06-16 09:37:55', '完成'),
(45, '20240313000020', NULL, '李四海', '0956789123', 'example9@gmail.com', 'dog', '0910123123', 22680, 'ATM', '宅配', '台南市永康區南台街1號', '二聯電子發票', '/DSF53F1', 'NONE', '2023-10-21 13:47:55', '已付款', '已出貨', '2023-10-23 04:20:29', '完成'),
(88, '20240318000003', NULL, '蕭珍蕾', '0985666452', 'lay@gmail.com', '蕭珍蕾', '0985666452', 5472, '貨到付款', '超取', '新竹市香山區西濱公路5號', '二聯電子發票', '/XCS45FS', '', '2024-03-18 09:27:12', '未付款', '未出貨', '0000-00-00 00:00:00', '取消'),
(95, '20240318000053', NULL, 'cat', '0985666452', 'cat@gmail.com', 'cat', '0985666452', 3825, '貨到付款', '超取', '新竹市東區竹村七路13號', '二聯電子發票', 'cat', '', '2024-03-18 16:40:08', '未付款', '已出貨', '2024-03-19 10:06:04', '處理中'),
(96, '20240318000056', NULL, '王小明', '0924847854', 'stenson9903@gmail.com', '王小明', '0924847854', 2215, 'LINE PAY', '超取', '新竹市東區食品路66號300', '二聯電子發票', '/0JC4HWV', '', '2024-03-18 23:50:46', '未付款', '未出貨', '0000-00-00 00:00:00', '取消'),
(98, '20240318000060', NULL, '陳俠聰', '0989105347', 'garrix4297@outlook.com', '陳俠聰', '0989105347', 4401, '轉帳', '超取', '新竹縣竹北市頭前溪', '二聯電子發票', '/9ZLO8JO', '', '2024-03-18 23:52:09', '已付款', '未出貨', '0000-00-00 00:00:00', '處理中'),
(100, '20240318000064', NULL, '王琪茹', '0937062696', 'alexandra2514@gmail.com', '王琪茹', '0937062696', 10775, '貨到付款', '宅配', ' 文化路南庄鄉苗栗縣353', '二聯電子發票', '/M4B0J75', '', '2024-03-18 23:53:53', '未付款', '未出貨', '0000-00-00 00:00:00', '取消'),
(101, '20240318000066', NULL, '林晟樸', '0953553707', 'taylor7630@outlook.com', '林晟樸', '0953553707', 19895, '轉帳', '中華郵政', '新竹市東區寶山路312號', '二聯電子發票', '/Z7RSCYS', '', '2024-03-18 23:54:36', '已付款', '未出貨', '0000-00-00 00:00:00', '處理中'),
(102, '20240318000068', NULL, '林榮許', '0918834431', 'green9374@gmail.com', '林榮許', '0918834431', 4550, '轉帳', '宅配', '澎湖縣西嶼鄉10號', '二聯電子發票', '/AG1HW0N', '', '2024-03-18 23:55:22', '已付款', '未出貨', '0000-00-00 00:00:00', '處理中'),
(104, '20240319000006', NULL, '李小龍', '0955566412', 'log@testmail.com', '李小龍', '0955566412', 6360, 'LINE PAY', '中華郵政', '連江縣南竿鄉復興村208號', '二聯電子發票', '/XCH65FS', '', '2024-03-19 14:11:14', '已付款', '已出貨', '2024-03-20 11:25:00', '處理中'),
(105, '20240319000008', NULL, '楊怡婷', '0918305860', 'mail59738@test.com', '楊怡婷', '0918305860', 18900, '轉帳', '中華郵政', '台東縣台東市鐵花路369號', '愛心捐贈', '56783', '', '2024-03-19 14:39:49', '已付款', '未出貨', '0000-00-00 00:00:00', '處理中'),
(106, '20240319000010', NULL, '羅鈺婷', '0918391726', 'mail23439@test.com', '羅鈺婷', '0918391726', 2000, 'LINE PAY', '超取', '連江縣北竿鄉塘岐村中山路193號195號', '二聯電子發票', '/XCG95PQ', '', '2024-03-19 14:45:33', '已付款', '未出貨', '0000-00-00 00:00:00', '處理中'),
(114, '20240320000002', NULL, '馬家瑋', '0918686130', 'mail50804@test.com', '馬家瑋', '0918686130', 6897, '信用卡', '超取', '台南市中西區中正路343-20號', '二聯電子發票', '/XCH65FS', '', '2024-03-20 11:04:27', '已付款', '未出貨', '0000-00-00 00:00:00', '處理中'),
(115, '20240320000003', NULL, '馬宇軒', '0918441574', 'mail31458@test.com', '馬宇軒', '0918441574', 8010, 'LINE PAY', '超取', '台南市新市區南科三路10號', '二聯電子發票', '/XCS45FS', '', '2024-03-20 11:07:01', '已付款', '未出貨', '0000-00-00 00:00:00', '處理中'),
(116, '20240320000004', NULL, '黃柏翰', '0918673337', 'mail53308@test.com', '黃柏翰', '0918673337', 18696, '轉帳', '超取', '基隆市中正區北寧路369巷61號', '二聯電子發票', '/XCS45FS', '', '2024-03-20 11:08:26', '已付款', '未出貨', '0000-00-00 00:00:00', '處理中'),
(117, '20240320000006', NULL, '羅彥廷', '0918330482', 'mail95788@test.com', '羅彥廷', '0918330482', 9120, '轉帳', '宅配', '台北市大安區臨江街', '二聯電子發票', '/XCS45FS', '', '2024-03-20 13:36:03', '已付款', '未出貨', '0000-00-00 00:00:00', '處理中'),
(118, '20240320000007', NULL, '孫郁婷', '0918267317', 'mail83145@test.com', '孫郁婷', '0918267317', 18240, '轉帳', '超取', '新竹市北區中山路75號', '二聯電子發票', '/XCS45FS', '', '2024-03-20 13:38:56', '已付款', '未出貨', '0000-00-00 00:00:00', '處理中'),
(119, '20240320000008', NULL, '鄧冠霖	', '0918519592', 'mail42488@test.com', '鄧冠霖	', '0918519592', 5472, '信用卡', '超取', '新竹市東區食品路66號300', '二聯電子發票', '/XCS45FS', '', '2024-03-20 13:47:10', '已付款', '未出貨', '0000-00-00 00:00:00', '處理中'),
(127, '20240321000001', NULL, 'aaa', '0910123123', '123@gmail.com', 'aaa', '0910123123', 0, 'ATM轉帳', '超取', '台南市中西區民族路二段212號', '二聯電子發票', '/GHJ456D', '', '2024-03-21 11:21:49', NULL, NULL, NULL, '處理中');

-- --------------------------------------------------------

--
-- 資料表結構 `order_detail`
--

CREATE TABLE `order_detail` (
  `detail_id` int(50) NOT NULL,
  `customer_id` varchar(50) DEFAULT NULL,
  `transaction_id` varchar(255) DEFAULT NULL,
  `product_id` int(50) DEFAULT NULL,
  `unit_price` int(11) DEFAULT NULL,
  `quantity` int(11) DEFAULT NULL,
  `points` int(50) DEFAULT NULL
) ENGINE=InnoDB DEFAULT CHARSET=utf8mb4 COLLATE=utf8mb4_general_ci;

--
-- 傾印資料表的資料 `order_detail`
--

INSERT INTO `order_detail` (`detail_id`, `customer_id`, `transaction_id`, `product_id`, `unit_price`, `quantity`, `points`) VALUES
(6, NULL, '20240311000000', 0, 500, 2, 10),
(27, NULL, '20240313000001', 1, 893, 34, 2),
(28, NULL, '20240313000002', 2, 475, 12, 0),
(29, NULL, '20240313000003', 3, 642, 56, 0),
(30, NULL, '20240313000004', 4, 234, 45, 0),
(31, NULL, '20240313000005', 5, 789, 78, 2),
(32, NULL, '20240313000006', 6, 378, 32, 0),
(33, NULL, '20240313000007', 7, 567, 21, 7),
(34, NULL, '20240313000008', 8, 123, 65, 0),
(35, NULL, '20240313000009', 9, 890, 43, 0),
(36, NULL, '20240313000010', 10, 456, 18, 0),
(37, NULL, '20240313000011', 11, 678, 57, 0),
(38, NULL, '20240313000012', 12, 345, 29, 0),
(39, NULL, '20240313000013', 13, 912, 64, 0),
(40, NULL, '20240313000014', 14, 234, 39, 0),
(41, NULL, '20240313000015', 15, 765, 76, 0),
(42, NULL, '20240313000016', 16, 198, 23, 4),
(43, NULL, '20240313000017', 17, 443, 51, 3),
(44, NULL, '20240313000018', 18, 632, 15, 0),
(46, NULL, '20240313000020', 20, 567, 40, 0),
(47, NULL, '20240311000000', 21, 600, 2, 0),
(48, NULL, '20240318000012', 22, 900, 3, 0),
(49, NULL, '20240318000012', 4, 234, 12, 0),
(51, NULL, '20240313000005', 7, 567, 8, 6),
(52, NULL, '20240318000003', 13, 912, 6, NULL),
(53, NULL, '20240318000053', 15, 765, 5, NULL),
(54, NULL, '20240318000056', 17, 443, 5, NULL),
(55, NULL, '20240318000058', 17, 443, 5, NULL),
(56, NULL, '20240318000058', 21, 600, 5, NULL),
(57, NULL, '20240318000060', 20, 567, 3, NULL),
(58, NULL, '20240318000060', 22, 900, 3, NULL),
(59, NULL, '20240318000062', 8, 123, 9, NULL),
(60, NULL, '20240318000062', 16, 198, 9, NULL),
(61, NULL, '20240318000064', 2, 475, 9, NULL),
(62, NULL, '20240318000064', 0, 500, 13, NULL),
(63, NULL, '20240318000066', 0, 500, 13, NULL),
(64, NULL, '20240318000066', 1, 893, 15, NULL),
(65, NULL, '20240318000068', 16, 198, 5, NULL),
(66, NULL, '20240318000068', 9, 890, 4, NULL),
(67, NULL, '20240318000070', 13, 912, 4, NULL),
(68, NULL, '20240318000070', 11, 678, 9, NULL),
(69, NULL, '20240319000006', 11, 678, 4, NULL),
(70, NULL, '20240319000006', 10, 456, 8, NULL),
(71, NULL, '20240319000008', 9, 890, 8, NULL),
(72, NULL, '20240319000008', 1, 893, 10, NULL),
(73, NULL, '20240319000008', 2, 475, 6, NULL),
(74, NULL, '20240319000010', 0, 500, 4, NULL),
(75, NULL, '20240320000002', 1, 893, 4, NULL),
(76, NULL, '20240320000002', 2, 475, 7, NULL),
(77, NULL, '20240320000003', 4, 234, 10, NULL),
(78, NULL, '20240320000003', 6, 378, 15, NULL),
(79, NULL, '20240320000004', 10, 456, 15, NULL),
(80, NULL, '20240320000004', 13, 912, 13, NULL),
(81, NULL, '20240320000006', 13, 912, 10, NULL),
(82, NULL, '20240320000007', 13, 912, 20, NULL),
(83, NULL, '20240320000008', 13, 912, 6, NULL);

-- --------------------------------------------------------

--
-- 資料表結構 `order_group`
--

CREATE TABLE `order_group` (
  `order_group_id` int(11) NOT NULL,
  `travel_id` int(11) NOT NULL COMMENT '行程編號',
  `amount` int(11) NOT NULL COMMENT '訂單金額',
  `deposit` int(11) NOT NULL COMMENT '訂金',
  `deposit_date` date NOT NULL COMMENT '訂金付款日期/期限',
  `final_payment` int(11) NOT NULL COMMENT '尾款金額',
  `final_payment_date` date NOT NULL COMMENT '尾款付款日期/期限',
  `pay` varchar(10) NOT NULL COMMENT '付款方式',
  `information` varchar(20) NOT NULL COMMENT '處理狀態',
  `created_at` timestamp NOT NULL DEFAULT current_timestamp() COMMENT '訂單建立時間',
  `edited_at` timestamp NOT NULL DEFAULT current_timestamp() ON UPDATE current_timestamp() COMMENT '訂單修改時間',
  `member_id` int(11) NOT NULL COMMENT '會員id',
  `detail_id` int(11) NOT NULL COMMENT '交易id(積分明細)'
) ENGINE=InnoDB DEFAULT CHARSET=utf8mb4 COLLATE=utf8mb4_general_ci;

--
-- 傾印資料表的資料 `order_group`
--

INSERT INTO `order_group` (`order_group_id`, `travel_id`, `amount`, `deposit`, `deposit_date`, `final_payment`, `final_payment_date`, `pay`, `information`, `created_at`, `edited_at`, `member_id`, `detail_id`) VALUES
(1, 3, 282000, 100000, '2024-10-01', 182000, '2024-10-31', '轉帳', '尚未付款', '2024-03-19 03:03:17', '2024-03-19 03:04:16', 20, 5),
(2, 40, 50900, 10000, '2024-04-08', 40900, '2024-04-18', '轉帳', '尚未付款', '2024-03-19 03:03:17', '2024-03-19 03:23:07', 11, 4),
(3, 5, 309000, 120000, '2024-08-01', 189000, '2024-08-25', '轉帳', '尚未付款', '2024-03-19 03:03:17', '2024-03-19 03:23:18', 5, 9),
(4, 11, 219900, 100000, '2024-05-03', 119900, '2024-05-11', '轉帳', '尚未付款', '2024-03-19 03:03:17', '2024-03-19 03:23:33', 19, 32),
(5, 17, 36900, 8000, '2024-03-14', 28900, '2024-03-25', '轉帳', '等待收取尾款', '2024-03-19 03:03:17', '2024-03-19 03:22:28', 41, 17),
(6, 36, 79900, 20000, '2024-04-15', 59900, '2024-05-01', '轉帳', '尚未付款', '2024-03-19 03:03:17', '2024-03-19 03:24:35', 1, 11),
(7, 6, 295000, 120000, '2024-08-13', 175000, '2024-09-03', '轉帳', '尚未付款', '2024-03-19 03:03:17', '2024-03-19 03:25:37', 22, 3),
(8, 8, 250000, 100000, '2024-09-12', 150000, '2024-10-01', '轉帳', '尚未付款', '2024-03-19 03:03:17', '2024-03-19 03:26:19', 9, 26),
(9, 19, 50900, 10000, '2024-03-19', 40900, '2024-03-19', '轉帳', '等待出團 (已收尾款確定出團)', '2024-03-19 03:03:17', '2024-03-19 03:27:23', 33, 23),
(10, 22, 32900, 8000, '2024-03-19', 24900, '2024-03-28', '轉帳', '等待收取尾款', '2024-03-19 03:03:17', '2024-03-19 03:27:59', 36, 19),
(11, 27, 269000, 110000, '2024-06-07', 159000, '2024-06-21', '轉帳', '尚未付款', '2024-03-19 03:03:17', '2024-03-19 03:28:55', 37, 38),
(12, 49, 198900, 100000, '2024-05-31', 98900, '2024-06-14', '轉帳', '尚未付款', '2024-03-19 03:03:17', '2024-03-19 03:30:10', 26, 28),
(13, 33, 219900, 100000, '2024-08-15', 119900, '2024-08-29', '轉帳', '尚未付款', '2024-03-19 03:03:17', '2024-03-19 03:31:13', 24, 30),
(15, 1, 210000, 100000, '2024-03-19', 110, '2024-03-19', '轉帳', '尚未付款', '2024-03-19 05:59:24', '2024-03-19 05:59:24', 1, 1);

-- --------------------------------------------------------

--
-- 資料表結構 `permission`
--

CREATE TABLE `permission` (
  `permission_role_id` int(11) NOT NULL,
  `sid` int(11) NOT NULL,
  `role_set` varchar(20) NOT NULL,
  `employees` varchar(20) NOT NULL,
  `members` varchar(20) NOT NULL,
  `points` varchar(20) NOT NULL,
  `itinerary` varchar(20) NOT NULL,
  `orders` varchar(20) NOT NULL,
  `products` varchar(20) NOT NULL,
  `form` varchar(20) NOT NULL
) ENGINE=InnoDB DEFAULT CHARSET=utf8mb4 COLLATE=utf8mb4_general_ci;

--
-- 傾印資料表的資料 `permission`
--

INSERT INTO `permission` (`permission_role_id`, `sid`, `role_set`, `employees`, `members`, `points`, `itinerary`, `orders`, `products`, `form`) VALUES
(1, 3, 'edit', 'edit', 'edit', 'edit', 'edit', 'edit', 'edit', 'edit'),
(2, 4, 'view', 'edit', 'view', 'edit', 'view', 'edit', 'edit', 'edit'),
(534, 495, 'edit', 'edit', 'view', 'view', 'view', 'view', 'view', 'view'),
(535, 496, 'view', 'noAuthority', 'noAuthority', 'view', 'view', 'view', 'edit', 'view'),
(536, 497, 'view', 'noAuthority', 'noAuthority', 'noAuthority', 'view', 'view', 'edit', 'view'),
(537, 498, 'view', 'view', 'edit', 'edit', 'view', 'edit', 'view', 'edit'),
(538, 499, 'view', 'noAuthority', 'view', 'view', 'view', 'view', 'view', 'edit');

-- --------------------------------------------------------

--
-- 資料表結構 `products`
--

CREATE TABLE `products` (
  `id` int(100) NOT NULL,
  `picture` text NOT NULL,
  `product_Id` varchar(100) NOT NULL,
  `product` varchar(100) NOT NULL,
  `price` varchar(100) NOT NULL,
  `title` varchar(100) NOT NULL,
  `description` varchar(100) NOT NULL
) ENGINE=InnoDB DEFAULT CHARSET=utf8mb4 COLLATE=utf8mb4_general_ci;

--
-- 傾印資料表的資料 `products`
--

INSERT INTO `products` (`id`, `picture`, `product_Id`, `product`, `price`, `title`, `description`) VALUES
(1, '/01.jpg', 'product_01', '旅遊質感行李吊牌', '199', '隨身小物 旅遊必帶', '環保、自然，回到原點、以人為本。在設計上都是簡潔大方、材質上都是能夠重複使用，希望出遊一趟，除了美好的回憶，不再產生對地球不友善的物質或行為。'),
(2, '/02.png', 'product_02', '帆布行李束箱帶', '249', '隨身小物  旅遊必帶', '環保、自然，回到原點、以人為本。在設計上都是簡潔大方、材質上都是能夠重複使用，希望出遊一趟，除了美好的回憶，不再產生對地球不友善的物質或行為。'),
(3, '/03.jpg', 'product_03', '帆布拉鍊袋', '199', '隨身小物  旅遊必帶', '環保、自然，回到原點、以人為本。在設計上都是簡潔大方、材質上都是能夠重複使用，希望出遊一趟，除了美好的回憶，不再產生對地球不友善的物質或行為。'),
(4, '/04.jpg', 'product_04', '男女款滑雪外套', '9990', '冬季旅遊 滑雪', '產品編號：G11711P 重　　量：937g 防水防風＆透氣透濕 外　層：MOTRANS 　　　【耐水度】10000 mmH2O or higher(JIS L 1092) 　　　【透濕度】8000 '),
(5, '/05.jpg', 'product_05', '防水滑雪手套(併指)', '1380', '冬季旅遊 滑雪', '拉鍊有膠條防水保護 Primaloft 保暖、快乾、透氣 外層小口袋可放置零錢、票卡等小物手腕掛手繩設計,避免手套脫落遺失硬泡棉可保護手指關節'),
(6, '/06.jpg', 'product_06', '機能保暖滑雪襪 ', '680', '冬季旅遊 滑雪 保暖配件', '台灣自創品牌 - 銀離子纖維吸濕排汗、抗菌除臭、調節溫度 - 脛骨加厚織法、保護腿部肌肉 - 腳背加壓足弓拉提保護 - 兩種尺寸：小 (22cm-25cm) / 大 (25.5cm-28.5cm)'),
(7, '/07.png', 'product_07', '防水滑雪手套 三指 ', '1580', '冬季旅遊 滑雪', '拉鍊有膠條防水保護\n- Primaloft 保暖、快乾、透氣\n- 外層小口袋可放置零錢、票卡等小物\n- 手腕掛手繩設計，避免手套脫落遺失\n- 硬泡棉可保護手指關節\n'),
(8, '/08.jpg', 'product_08', '鋪棉帽寬衣', '1880', '冬季旅遊', '街頭百搭 素面 加絨 連帽T恤 材質: 純棉 + 聚酯纖維'),
(9, '/09.jpg', 'product_09', '強效運動款足墊', '2880', '保健 生活用品', 'FOOTDISC擁有專利的3DBS動態足弓支撐，提供足弓如拱橋般的支撐。依不同足弓高低設計，硬中帶軟的材質可動態靈活調整，自然回彈又不僵硬，分散足底壓力，降低足部額外的負擔。\nhttps://www.'),
(10, '/10.jpg', 'product_10', '3C隨身收納包', '288', '收納 3C 方便', '雙層空間,告別凌亂,魔術貼開合設計,便攜式手提設計'),
(11, '/11.jpg', 'product_11', '真空分裝瓶', '30', '空白分裝瓶', '\n產品名稱：真空分裝瓶\n產品材質：AS+PP\n產品款式：乳液瓶 / 噴霧瓶\n尺寸：15ml   = 100mm x 33mm 30ml   = 119mm x 33mm  50ml   = 153mm'),
(12, '/12.jpg', 'product_12', '旅行漱口杯', '59', '一杯兩用 一秒變雙杯 ', '盥洗收納 超方便 旅行、出差必備體積小 大容量 不佔空間造型簡約 低調時尚多種款式選項顏色 '),
(13, '/13.jpg', 'product_13', '多功能護照套', '179', 'RFID防盜刷', '出國旅行最重要的護照機票 ,等等還找不到收納它們合適的家嗎,怕自己的卡被盜刷提心吊膽嗎,旅遊必備「防盜刷多功能護照套」'),
(14, '/14.jpg', 'product_14', '大容量行李箱 ', '2990', '防撞耐用 20 24 28吋', '1.側邊金屬包角防護設計，讓行李箱更堅固耐用。\n2.釋放雙手多功能設計:隱藏式杯架、防刮腳墊+購物袋掛鉤、USB充電孔。\n3.分層設計好收納。\n4.TPE靜音雙排萬向輪。\n5.加厚鋁合金拉桿。\n6.三'),
(15, '/15.jpg', 'product_15', '行李秤', '199', '出國必備  旅行秤', '整體尺寸：129x43x28mm\n裸重：約95g\n電源：紐扣電池一個\n顯示方式：LCD綠光顯示幕\n單位：kg lb\n最大稱量：50kg'),
(16, '/16.jpeg', 'product_16', '隨身藥盒', '99', '藥品分類盒 ', '產品材質 : 環保PP材質\n產品功能 : 分隔設計 密封儲藏\n產品顏色 : 藍紅色 / 黃粉色 / 灰白色'),
(17, '/17.jpg', 'product_17', '一次性床單', '199', '出差飯店隔髒', '名稱：一次性旅行用品\n規格：毛巾\\浴巾\\枕套\\床單\\被套\n材質：植物纖維\n特點：加厚加大\\獨立包裝\\植物纖維\n'),
(18, '/18.png', 'product_18', '真空壓縮袋', '69', '衣物 收納袋', '材質； PA+PE材質\n單層厚度； 8絲 \n適用場景；臥室 衣櫃 宿舍 旅行\n風格；現代 簡約 '),
(19, '/19.jpg', 'product_19', '盥洗收納包', '199', '旅行必備 盥洗收納 ', '掛勾版 盥洗收納  一進飯店或民宿 \n就可以直接把小物通通就定位,網狀的隔層~基本防水的尼龍材質'),
(20, '/20.jpg', 'product_20', '大容量登機包', '250', '拉桿包 手提袋', '便攜式手提旅行包\n大容量設計 日常出行物品都能裝下\n側邊網格袋 可放置水杯雨傘等物件\n堅固耐用、承重性強\n前端拉鍊口袋 可放護照、行動電源\n便捷省心且取放方便\n可套上行李箱拉桿 一拖就走'),
(21, '/21.jpg', 'product_21', '簡約化妝包', '99', '補妝  旅行收納', '超大容量｜外出補妝必備物品一次收齊\n精緻拉環｜質感皮質雙拉環 開關更便利\n防水設計｜防潑水尼龍材質 有效保護內容物\n小巧體積｜旅遊攜帶不佔空間 超好用\n優選材質｜耐磨耐用 不易損壞'),
(22, '/22.jpg', 'product_22', '合利EXP ', '765', '270錠 維生素B1.B6.B12', '保健補品功能\n心臟&血壓, 維生素&礦物質, 營養食品&飲料, 壓力、睡眠及焦慮\n營養成分分類\n維生素B, 維生素E\n產地日本'),
(23, '/23.jpg', 'product_23', '緩釋型維他命C', '280', '長效12小時', '4種族群加強補充維生素C攝取：\n1.習慣挑食、常吃零食、炸物、燒烤食物的人\n2.抽菸、處在二手煙環境的人。\n3.國民健康署建議孕婦每日多補充10mg維生素C、哺乳中媽媽多40mg維生素C。\n4.生活步'),
(24, '/24.png', 'product_24', '日本上網卡', '499', '5日 吃到飽 不降速', '套餐內容  吃到飽不降速\n原生卡依【日本時間】計算， 其他卡片均為【台灣時間】計算，插卡日到當天23:59算第一天，到連續最後一天晚上23:59失效。\n網卡皆支援4G(LTE) 訊號，若地區、手機不支'),
(25, '/25.jpg', 'product_25', '多功能行動電源', '1780', '快充磁吸自帶線', 'QC/PD3.0雙協議快充 22.5W大功率快速充電\n2種自帶線＋雙口輸出＋磁吸無線充電，最高支援五台設備同時\n充電\n隱藏式手機支架 LED電量顯示 充電狀態顯示 90度旋轉收\n納插頭\n全方位安全機制');

-- --------------------------------------------------------

--
-- 資料表結構 `role_set`
--

CREATE TABLE `role_set` (
  `role_id` int(11) NOT NULL,
  `role_name` varchar(225) NOT NULL,
  `description` text NOT NULL,
  `created_at` datetime NOT NULL,
  `employee_id` int(11) NOT NULL
) ENGINE=InnoDB DEFAULT CHARSET=utf8mb4 COLLATE=utf8mb4_general_ci;

--
-- 傾印資料表的資料 `role_set`
--

INSERT INTO `role_set` (`role_id`, `role_name`, `description`, `created_at`, `employee_id`) VALUES
(1, '管理員', '2134', '2024-03-18 09:43:50', 1),
(2, '銷售部門經理', '', '2024-03-18 09:49:22', 1),
(534, '人事部門經理', '', '2024-03-21 10:25:19', 1),
(535, '商品上架人員', '', '2024-03-24 19:21:18', 1),
(536, '员工训练账号', '', '2024-03-24 19:33:43', 1),
(537, '订单管理人员', '', '2024-03-25 02:03:06', 1),
(538, '行政人员', '', '2024-03-25 02:34:45', 1);

-- --------------------------------------------------------

--
-- 資料表結構 `serve_list`
--

CREATE TABLE `serve_list` (
  `sid` int(4) NOT NULL COMMENT '起頭編號',
  `group_id` varchar(5) NOT NULL COMMENT '團體行程ID',
  `name` varchar(4) NOT NULL COMMENT '姓名',
  `mobile` varchar(10) NOT NULL COMMENT '手機',
  `email` text NOT NULL COMMENT '信箱',
  `serveitem` text NOT NULL COMMENT '服務項目',
  `restaurant` text NOT NULL COMMENT '餐廳',
  `restaurantaddress` text NOT NULL COMMENT '餐廳地址',
  `restauranttime` timestamp NOT NULL DEFAULT current_timestamp() ON UPDATE current_timestamp() COMMENT '餐廳預約時間',
  `restaurantpeople` varchar(2) NOT NULL COMMENT '餐廳人數',
  `airline` text NOT NULL COMMENT '航空公司',
  `airportplace` text NOT NULL COMMENT '機場地點',
  `airporttime` timestamp NOT NULL DEFAULT current_timestamp() ON UPDATE current_timestamp() COMMENT '機場時間',
  `airportpeople` varchar(2) NOT NULL COMMENT '機場人數',
  `consultation` text NOT NULL COMMENT '專人諮詢',
  `consultation question` text NOT NULL COMMENT '諮詢問題',
  `consultationtime` text NOT NULL COMMENT '諮詢時間',
  `contact` text NOT NULL COMMENT '諮詢聯絡方式',
  `hotelname` text NOT NULL COMMENT '飯店名稱',
  `hoteladdress` text NOT NULL COMMENT '飯店地址'
) ENGINE=InnoDB DEFAULT CHARSET=utf8mb4 COLLATE=utf8mb4_general_ci;

--
-- 傾印資料表的資料 `serve_list`
--

INSERT INTO `serve_list` (`sid`, `group_id`, `name`, `mobile`, `email`, `serveitem`, `restaurant`, `restaurantaddress`, `restauranttime`, `restaurantpeople`, `airline`, `airportplace`, `airporttime`, `airportpeople`, `consultation`, `consultation question`, `consultationtime`, `contact`, `hotelname`, `hoteladdress`) VALUES
(1, '30', '我不猜', '0900000888', 'miyoha11tsu@gmail.com', '', '悅嵐鐵板燒', '台南市東區', '2024-03-18 03:16:00', '', '長榮航空', '台南機場', '2024-03-18 03:18:00', '', '', '', '', '', '塔木德酒店-台南館', '台南市東區裕農路602-1號'),
(4, '25', '我猜猜', '0900000010', 'miyohatsu@gmail.com', '', '港式', '台南市東區', '2024-03-18 06:24:00', '', '長榮航空', '台南機場', '2024-03-18 09:18:00', '', '', '', '', '', '華南商旅', '台南市永康區中華路152-2號'),
(5, '97', '李某某', '0986123456', 'lars108218@gmail.com', '', '123', '育平里育平路214號', '2024-03-31 03:00:00', '', '123', 'CHIENCHUN', '2024-03-31 09:00:00', '', '', '', '', '', 'Lee', '育平里育平路214號');

-- --------------------------------------------------------

--
-- 資料表結構 `speech_list`
--

CREATE TABLE `speech_list` (
  `sid` int(10) NOT NULL COMMENT '起頭序號',
  `group_id` varchar(4) NOT NULL COMMENT '團體行程ID',
  `speechtime` timestamp NOT NULL DEFAULT current_timestamp() ON UPDATE current_timestamp() COMMENT '講座時間',
  `speechplace` varchar(40) NOT NULL COMMENT '講座地點',
  `speechtell` varchar(15) NOT NULL COMMENT '電話',
  `speechname` varchar(15) NOT NULL COMMENT '講師',
  `speechpeoplelimit` varchar(4) NOT NULL COMMENT '人數上限',
  `country` varchar(40) NOT NULL COMMENT '國家',
  `introduction` varchar(1000) NOT NULL COMMENT '介紹'
) ENGINE=InnoDB DEFAULT CHARSET=utf8mb4 COLLATE=utf8mb4_general_ci;

--
-- 傾印資料表的資料 `speech_list`
--

INSERT INTO `speech_list` (`sid`, `group_id`, `speechtime`, `speechplace`, `speechtell`, `speechname`, `speechpeoplelimit`, `country`, `introduction`) VALUES
(1, '1', '2024-01-14 10:30:00', '台北市內湖區洲子街72號一樓', '02-66041913', '游國珍', '30', '南極', '包艘船 圓夢南極地球上的最後一塊淨土–南極，是旅人的最終夢想。但是對大多數人來說，遙遠的距離、惡劣的天候、語言的隔閡，都讓旅人難以企及。2023年，以包船的方式，安排日月合朔號，帶領200位台灣人遠征南極。2024年，進一步包下更新、更大、更豪華的Seabourn Pursuit 南極追夢號，這一次，對台灣人來說，南極不再是一趟艱辛、遙遠的旅途。以2023.08下水的Seabourn旗艦船--南極追夢號款待貴賓，從台灣出發、全程安排中文領隊，讓您以最舒適奢華的行程，成就人生壯遊！想了解南極有什麼獨特生態、旅遊行程資訊或是郵輪相關細節嗎？歡迎各位親臨講座，由2024年初才從南極返台的元本旅遊董事長游國珍為您揭開南極旅遊的小秘密！'),
(2, '2', '2024-01-10 10:30:00', '台北市內湖區洲子街72號一樓', '02-66041914', '歐洲旅遊達人Daniel', '30', '葡萄牙', '提到葡萄牙這個國家，可能大部分的人首先會聯想到足球明星C羅。但是你可能不知道葡萄牙不但是大航海時代的初代全球霸權，還是全世界第一個廢除吸毒刑事處罰的國家，更是全球一半的軟木塞的出產國。\r\n葡萄牙到底還有哪些歷史、文化、美食、景點故事，就讓歐洲達人Daniel為您一一道來。'),
(3, '3', '2023-12-05 02:30:00', '台北市內湖區洲子街72號一樓', '02-66041915', '歐洲旅遊達人Daniel', '30', '法國', '融合了奔跑的激情與紅酒的醇香，波爾多梅鐸紅酒馬拉松不僅是一場馬拉松，也是探索法國波爾多深厚葡萄酒文化的絕佳機會。這個獨一無二的活動將帶領你穿越波爾多最美麗的葡萄園經過各大酒莊的補給，在賽道上享受美酒和當地美食。\r\n從波爾多的古老街道到巴塞隆納的現代藝術，帶您體驗西南法、巴塞隆納最精彩的面貌，法國和西班牙的豐富文化、絕美景致和令人難忘的旅遊體驗。'),
(4, '4', '2023-11-22 06:30:00', '台北市內湖區洲子街72號一樓', '02-66041916', '歐洲旅遊達人Daniel', '30', '法國', '南法最美法國里維埃拉-蔚藍海岸，濃郁飄香南法普羅旺斯山城小鎮、南法最美村莊-山居歲月法式優雅生活哲學，世界文化遺產聖艾米濃中世紀小鎮葡萄酒產區濃濃酒香，羅亞爾河城堡區值不值得入住?住宿古蹟城堡一晚，法國旅遊還有什麼可以看？快來跟著元本旅遊規劃師一起神遊法國吧！'),
(5, '5', '2023-09-17 09:30:00', '台北市內湖區洲子街72號一樓', '02-66041917', '柯彩雲 Tessa', '30', '摩洛哥', '《北非諜影》與撒哈拉歲月，1942年電影《北非諜影》(Casablanca)一句經典對白「Here\'s looking at you, kid.」，代表永誌不忘，無比深情，這是瑞克對伊莎愛的承諾，無論身處何方，他的心都留在伊莎身上。從此，世界變對北非摩洛哥充滿了憧憬。\r\n30年後在三毛的內心深處，撒哈拉沙漠是夢中情人，是不能解釋，只屬於前世回憶的鄉愁，她毫無保留地把自己交給了那一片陌生的大地，譜出屬於自己的撒哈啦歲月。\r\n與你一同打開摩洛哥愛的篇章，找到屬於你的撒哈拉歲月。'),
(6, '6', '2023-11-01 09:30:00', '台北市內湖區洲子街72號一樓', '02-66041918', '游國珍', '30', '阿根廷', '夢想清單實現者，持續規劃許多旅人一生必遊的夢幻行程，為了讓旅客夢想清單實現後，能夠透過出版將這趟遊程的感動記錄下來，我們與秀威出版合作，徵求團員成為共同作者。在2023年11月我們出版了《追夢到秘魯》、《追夢到古巴》兩本夢想清單遊記書，堪稱業界創舉。2024年2月，我們將舉辦《追夢阿根廷》的新書發表暨交流會，歡迎對阿根廷有興趣的朋友們，報名參加這場活動，聽聽這些從素人成為作家的旅人們的精彩心得。'),
(7, '7', '2023-10-13 10:00:00', '台北市內湖區洲子街72號一樓', '02-66041919', 'Carol（汪淑媛）', '30', '古巴', '自古以來, 酒記載著各文明歷史。這趟旅程一起去拜訪古巴的蘭姆酒、雪茄、音樂 ! 而古巴的街景讓人一秒回到 60 年代, 來到這個位處加勒比海上的社會主義國家, 亦不能錯過探索古巴的革命歷史及世界遺產城市。'),
(8, '8', '2023-10-19 09:00:00', '台中市綠川西街85號10樓', '02-66041919', '蘇昭旭', '30', '日本', '登山鐵路是日本鐵道獨特的精彩，邀請您來參與具代表性的登山鐵路精采體驗，包含日本坡度最陡的箱根登山鐵道、齒輪式鐵路的井川線登山鐵道，讓您搭火車登高望遠，環顧四野，體驗登山鐵路之美！我們也安排日本傳統輕軌電車，親臨湘南江之島，看看傳說中灌籃高手平交道。\r\n\r\n您有聽過日本最有名的奧大井湖上站嗎？火車站矗立在湖中，其實在大井川鐵路。您可記得電影佐賀的阿嬤，廣島站的母子別離，還有電影鐵道員的蒸汽機車，佐藤乙松與仙次的師徒之情，其實場景也在大井川鐵路。大井川鐵道的蒸汽火車，激煙奔馳，蒸汽火車動態接觸與親身體驗，讓您對蒸汽火車的愛戀徹底引爆！'),
(9, '9', '2023-08-29 09:30:00', '台中市綠川西街85號10樓', '02-66041920', '蘇昭旭', '30', '奧地利', '您知道世界上第一條鐵道世界文化遺產是在奧地利嗎？\r\n\r\n 1848年，奧地利工程師卡爾·里特爾·馮·蓋加，在尤利安阿爾卑斯山北邊開始動工，他的堅持和毅力，克服萬難，建造出人類第一條登山鐵道，完成不可能的任務，1854年通車，這就是薩瑪林鐵路的傳奇。1998年被聯合國教科文組織列為世界文化遺產，是全世界第一條鐵路世界遺產。\r\n\r\n 將近150年之後，我們請對全球登山鐵道有深度研究的蘇昭旭老師，搭火車重返奧地利這條鐵路的歷史現場，讓您感受前所未有的知識震撼。除了奧地利，我們還去前東德地區，薩克森王國，還有捷克，波西米亞地區，用歷史故事，鋪陳火車鐵道的歷史路徑，參觀鐵道博物館，搭乘蒸汽火車，欣賞阿爾卑斯山的壯麗美景，體驗東歐鐵道旅遊的獨特風情。\r\n\r\n 華人著作首屈一指的鐵道學者蘇昭旭老師，引領您進入歐洲的鐵道歷史，瞭解東歐的歷史與文化，讓我們一同體驗，探索歐洲鐵道的深度之旅。'),
(10, '10', '2023-10-24 05:30:00', '台北市內湖區洲子街72號一樓', '02-66041921', '黃忠勤（法國國家藝術導覽員）', '30', '法國', '南法最美法國里維埃拉-蔚藍海岸，濃郁飄香南法普羅旺斯山城小鎮、南法最美村莊-山居歲月法式優雅生活哲學，世界文化遺產聖艾米濃中世紀小鎮葡萄酒產區濃濃酒香，羅亞爾河城堡區值不值得入住?住宿古蹟城堡一晚，法國旅遊還有什麼可以看？快來跟著元本旅遊規劃師一起神遊法國吧！'),
(11, '11', '2023-11-03 07:30:00', '台北市內湖區洲子街72號一樓', '02-66041922', 'Carol（汪淑媛）', '30', '摩洛哥', '摩洛哥位於北非，歷史上是阿拉伯帝國疆土最西端的領土。今日是一處可同時一窺伊斯蘭文化及歐洲風情的國家，不僅有世界遺產老城、更有撒哈拉沙漠風情 !\r\n\r\n 《北非諜影》與撒哈拉歲月，1942年電影《北非諜影》(Casablanca)一句經典對白「Here\'s looking at you, kid.」，代表永誌不忘，無比深情，這是瑞克對伊莎愛的承諾，無論身處何方，他的心都留在伊莎身上。從此，世界變對北非摩洛哥充滿了憧憬。\r\n\r\n 30年後在三毛的內心深處，撒哈拉沙漠是夢中情人，是不能解釋，只屬於前世回憶的鄉愁，她毫無保留地把自己交給了那一片陌生的大地，譜出屬於自己的撒哈啦歲月。\r\n\r\n 讓元本旅遊與你一同打開摩洛哥愛的篇章，找到屬於你的撒哈拉歲月。'),
(12, '12', '2023-10-23 08:30:00', '台北市內湖區洲子街72號一樓', '02-66041923', 'Carol（汪淑媛）', '30', '伊比利半島', '伊比利半島系列講座~伊比利世界遺產 !\r\n\r\n伊比利半島錯綜複雜的歷史文化，蘊藏豐富的世界遺產數量高達 66 處！\r\n\r\n兩萬多年前的舊石器時代藝術露天岩壁畫遺址；\r\n\r\n西元一世紀羅馬時代的歷史古城；\r\n\r\n西元八世紀阿拉伯帝國時代的伊斯蘭文化；\r\n\r\n西元十五世紀大航海時代的歷史見證；\r\n\r\n這趟旅程一起隨著世界遺產去拜訪葡萄牙 & 西班牙 '),
(13, '13', '2023-12-20 09:00:00', '高雄市新興區民生一路56號B1-1', '02-66041924', '游國珍', '30', '南極', '地球上的最後一塊淨土–南極，是旅人的最終夢想。但是對大多數人來說，遙遠的距離、惡劣的天候、語言的隔閡，都讓旅人難以企及。\r\n\r\n 2023年，元本旅遊以包船的方式，安排日月合朔號，帶領200位台灣人遠征南極。\r\n\r\n 2024年，元本旅遊進一步包下更新、更大、更豪華的Seabourn Pursuit 南極追夢號，這一次，對台灣人來說，南極不再是一趟艱辛、遙遠的旅途。元本旅遊以2023.08下水的Seabourn旗艦船--南極追夢號款待貴賓，從台灣出發、全程安排中文領隊，讓您以最舒適奢華的行程，成就人生壯遊！\r\n\r\n想了解南極有什麼獨特生態、旅遊行程資訊或是郵輪相關細節嗎？\r\n\r\n歡迎各位親臨講座，由2024年初才從南極返台的元本旅遊董事長游國珍為您揭開南極旅遊的小秘密！'),
(14, '14', '2023-12-28 10:30:00', '台南市中西區衛民街67-1號', '02-66041925', '游國珍', '30', '南極', '地球上的最後一塊淨土–南極，是旅人的最終夢想。但是對大多數人來說，遙遠的距離、惡劣的天候、語言的隔閡，都讓旅人難以企及。\r\n\r\n 2023年，元本旅遊以包船的方式，安排日月合朔號，帶領200位台灣人遠征南極。\r\n\r\n 2024年，元本旅遊進一步包下更新、更大、更豪華的Seabourn Pursuit 南極追夢號，這一次，對台灣人來說，南極不再是一趟艱辛、遙遠的旅途。元本旅遊以2023.08下水的Seabourn旗艦船--南極追夢號款待貴賓，從台灣出發、全程安排中文領隊，讓您以最舒適奢華的行程，成就人生壯遊！\r\n\r\n想了解南極有什麼獨特生態、旅遊行程資訊或是郵輪相關細節嗎？\r\n\r\n歡迎各位親臨講座，由2024年初才從南極返台的元本旅遊董事長游國珍為您揭開南極旅遊的小秘密！'),
(15, '15', '2023-09-25 10:00:00', '高雄市新興區民生一路56號B1-1', '02-66041926', '玩美南人Eric／苗啟誠', '30', '秘魯', '秘魯是全世界最富觀光資源的國家之一，考古學家心目中的黃金國度，也是世界公認的旅遊天堂，更是多年來蟬聯台灣人最喜愛旅遊的拉丁美洲國家第一名，其中最令人嚮往的景點莫過於在1983年被選為世界自然及文化雙重遺產，在2007年被列入全球七大奇觀之一，被稱作「天空之城」的馬丘比丘。\r\n\r\n 然而馬丘比丘在考古學上名堂響亮，對於它的歷史及認知卻是少之又少。印加文化裡沒有文字，歷史全憑獨特的繩結記下並口述流傳，沒有任何記載。它像是一個百分百的迷城，在沒有鐵制工具，沒有牛馬，沒有車輪知識的年代裡，忽然在地球上出現的一座古城。它的真正歷史、用途和為何人去城空至今仍未有定論…\r\n\r\n 而位於南太平洋的波利尼西亞卻屬於南美洲的智利，復活節島是世界上最與世隔絕也最遙遠的島嶼之一。1722年由荷蘭一支艦隊在復活節當日發現，船長在航海圖上用筆記下了這個島的位置並寫下“復活節島”，此名因而被世人所知。\r\n\r\n復活節島以其分布在海濱沿線大約1000尊的巨型摩埃石像聞名於世並吸引著各國的觀光客和考古學家。這座島有太多不解之謎：為什麼會有人到這座島上？這些人的祖先是誰？為何以及如何雕刻出如此眾多這些巨石像？如何搬運這些摩埃？考古學家們有多種說法，甚至島上的居民也說不清楚…\r\n\r\n 被稱為「世界的屋頂」的玻利維亞坐落在高原之上，這片土地上古老的文明和多采多姿的動物生態、白雪覆頂的安地斯山脈、令人醉心的鹽湖、和繁茂的亞馬遜雨林都是玻利維亞特有的大自然瑰寶，殖民時期的遺風和原住民的文化更是讓人目不暇給，玻利維亞的風光之美，讓人為之屏息。其中海拔近3,700公尺的烏尤尼如同沙漠中的天堂，滿地純白的鹽漠加上雨後沉積的些許雨水，逐漸形成世界上面積最大的鹽湖，約為1/3的台灣大小；在艷陽的照射下，一片白雲藍天讓人看不到邊界，每年12到3月，是當地的雨季，水面反射猶如一大片上帝的鏡子，也成為世人眼裡最荒蕪、最遙遠，卻最純淨的人間淨土，這一望無際的白色世界年年吸引全球的旅人造訪，因此也被認定成為「人生必遊」的旅行目的地之一。 ');

-- --------------------------------------------------------

--
-- 資料表結構 `transactions`
--

CREATE TABLE `transactions` (
  `transaction_id` varchar(255) NOT NULL
) ENGINE=InnoDB DEFAULT CHARSET=utf8mb4 COLLATE=utf8mb4_general_ci;

--
-- 傾印資料表的資料 `transactions`
--

INSERT INTO `transactions` (`transaction_id`) VALUES
('20240316000001'),
('20240316000002'),
('20240316000003'),
('20240316000004'),
('20240316000005'),
('20240316000006'),
('20240316000007'),
('20240316000008'),
('20240316000009'),
('20240316000010'),
('20240316000011'),
('20240316000012'),
('20240316000013'),
('20240316000014'),
('20240316000015'),
('20240316000016'),
('20240316000017'),
('20240316000018'),
('20240316000019'),
('20240316000020'),
('20240316000021'),
('20240316000022'),
('20240316000023'),
('20240316000024'),
('20240316000025'),
('20240316000026'),
('20240316000027'),
('20240316000028'),
('20240316000029'),
('20240316000030'),
('20240316000031'),
('20240316000032'),
('20240316000033'),
('20240316000034'),
('20240316000035'),
('20240316000036'),
('20240316000037'),
('20240316000038'),
('20240316000039'),
('20240316000040'),
('20240316000041'),
('20240316000042'),
('20240316000043'),
('20240316000044'),
('20240316000045'),
('20240316000046'),
('20240316000047'),
('20240316000048'),
('20240316000049'),
('20240316000050'),
('20240316000051'),
('20240317000001'),
('20240317000002'),
('20240317000003'),
('20240317000004'),
('20240317000005'),
('20240317000006'),
('20240317000007'),
('20240317000008'),
('20240317000009'),
('20240317000010'),
('20240317000011'),
('20240317000012'),
('20240317000013'),
('20240317000014'),
('20240317000015'),
('20240317000016'),
('20240317000017'),
('20240317000018'),
('20240317000019'),
('20240317000020'),
('20240317000021'),
('20240317000022'),
('20240317000023'),
('20240317000024'),
('20240317000025'),
('20240317000026'),
('20240317000027'),
('20240317000028'),
('20240317000029'),
('20240317000030'),
('20240317000031'),
('20240317000032'),
('20240317000033'),
('20240317000034'),
('20240317000035'),
('20240317000036'),
('20240317000037'),
('20240317000038'),
('20240317000039'),
('20240317000040'),
('20240317000041'),
('20240317000042'),
('20240317000043'),
('20240317000044'),
('20240317000045'),
('20240317000046'),
('20240317000047'),
('20240317000048'),
('20240317000049'),
('20240317000050'),
('20240317000051'),
('20240317000052'),
('20240317000053'),
('20240317000054'),
('20240317000055'),
('20240317000056'),
('20240317000057'),
('20240317000058'),
('20240317000059'),
('20240317000060'),
('20240317000061'),
('20240317000062'),
('20240317000063'),
('20240317000064'),
('20240317000065'),
('20240317000066'),
('20240317000067'),
('20240317000068'),
('20240317000069'),
('20240317000070'),
('20240317000071'),
('20240317000072'),
('20240317000073'),
('20240317000074'),
('20240317000075'),
('20240317000076'),
('20240317000077'),
('20240317000078'),
('20240317000079'),
('20240317000080'),
('20240317000081'),
('20240317000082'),
('20240317000083'),
('20240317000084'),
('20240317000085'),
('20240317000086'),
('20240317000087'),
('20240317000088'),
('20240317000089'),
('20240317000090'),
('20240317000091'),
('20240317000092'),
('20240317000093'),
('20240317000094'),
('20240317000095'),
('20240317000096'),
('20240317000097'),
('20240317000098'),
('20240317000099'),
('20240317000100'),
('20240317000101'),
('20240317000102'),
('20240317000103'),
('20240317000104'),
('20240317000105'),
('20240317000106'),
('20240317000107'),
('20240317000108'),
('20240317000109'),
('20240317000110'),
('20240317000111'),
('20240317000112'),
('20240317000113'),
('20240317000114'),
('20240317000115'),
('20240317000116'),
('20240317000117'),
('20240317000118'),
('20240317000119'),
('20240317000120'),
('20240317000121'),
('20240317000122'),
('20240317000123'),
('20240317000124'),
('20240317000125'),
('20240317000126'),
('20240317000127'),
('20240317000128'),
('20240317000129'),
('20240317000130'),
('20240317000131'),
('20240317000132'),
('20240317000133'),
('20240317000134'),
('20240317000135'),
('20240317000136'),
('20240317000137'),
('20240318000001'),
('20240318000002'),
('20240318000003'),
('20240318000004'),
('20240318000005'),
('20240318000006'),
('20240318000007'),
('20240318000008'),
('20240318000009'),
('20240318000010'),
('20240318000011'),
('20240318000012'),
('20240318000013'),
('20240318000014'),
('20240318000015'),
('20240318000016'),
('20240318000017'),
('20240318000018'),
('20240318000019'),
('20240318000020'),
('20240318000021'),
('20240318000022'),
('20240318000023'),
('20240318000024'),
('20240318000025'),
('20240318000026'),
('20240318000027'),
('20240318000028'),
('20240318000029'),
('20240318000030'),
('20240318000031'),
('20240318000032'),
('20240318000033'),
('20240318000034'),
('20240318000035'),
('20240318000036'),
('20240318000037'),
('20240318000038'),
('20240318000039'),
('20240318000040'),
('20240318000041'),
('20240318000042'),
('20240318000043'),
('20240318000044'),
('20240318000045'),
('20240318000046'),
('20240318000047'),
('20240318000048'),
('20240318000049'),
('20240318000050'),
('20240318000051'),
('20240318000052'),
('20240318000053'),
('20240318000054'),
('20240318000055'),
('20240318000056'),
('20240318000057'),
('20240318000058'),
('20240318000059'),
('20240318000060'),
('20240318000061'),
('20240318000062'),
('20240318000063'),
('20240318000064'),
('20240318000065'),
('20240318000066'),
('20240318000067'),
('20240318000068'),
('20240318000069'),
('20240318000070'),
('20240319000001'),
('20240319000002'),
('20240319000003'),
('20240319000004'),
('20240319000005'),
('20240319000006'),
('20240319000007'),
('20240319000008'),
('20240319000009'),
('20240319000010'),
('20240319000011'),
('20240319000012'),
('20240319000013'),
('20240319000014'),
('20240319000015'),
('20240319000020'),
('20240319000021'),
('20240319000022'),
('20240319000023'),
('20240319000024'),
('20240319000025'),
('20240319000026'),
('20240319000027'),
('20240319000028'),
('20240319000029'),
('20240319000030'),
('20240319000031'),
('20240319000032'),
('20240319000033'),
('20240319000034'),
('20240319000035'),
('20240319000036'),
('20240319000037'),
('20240320000001'),
('20240320000002'),
('20240320000003'),
('20240320000004'),
('20240320000005'),
('20240320000006'),
('20240320000007'),
('20240320000008'),
('20240320000009'),
('20240320000010'),
('20240320000011'),
('20240320000012'),
('20240320000013'),
('20240320000014'),
('20240320000015'),
('20240321000001'),
('20240321000002'),
('20240324000001');

-- --------------------------------------------------------

--
-- 資料表結構 `travel_`
--

CREATE TABLE `travel_` (
  `travel_id` int(11) NOT NULL,
  `logo` text NOT NULL COMMENT '圖片',
  `title` varchar(100) NOT NULL COMMENT '行程標題',
  `introduce` varchar(100) NOT NULL COMMENT '行程簡介',
  `days` int(11) NOT NULL COMMENT '天數',
  `price` int(11) NOT NULL COMMENT '售價',
  `time` date NOT NULL COMMENT '出發日期',
  `airport` varchar(10) NOT NULL COMMENT '出發地',
  `seat` int(11) NOT NULL COMMENT '機位數量',
  `number` int(11) NOT NULL COMMENT '已報名人數',
  `sale` int(11) NOT NULL COMMENT '可售機位',
  `sign_up` varchar(10) NOT NULL COMMENT '出團狀態',
  `created_at` timestamp NOT NULL DEFAULT current_timestamp() COMMENT '行程建立時間'
) ENGINE=InnoDB DEFAULT CHARSET=utf8mb4 COLLATE=utf8mb4_general_ci;

--
-- 傾印資料表的資料 `travel_`
--

INSERT INTO `travel_` (`travel_id`, `logo`, `title`, `introduce`, `days`, `price`, `time`, `airport`, `seat`, `number`, `sale`, `sign_up`, `created_at`) VALUES
(1, '秘魯・印加帝國13日.jpg', '秘魯・印加帝國13日', '世界七大奇景馬丘比丘・印加都城庫斯科・魔幻打卡聖地彩虹山', 13, 272000, '2024-04-02', '桃園國際機場', 31, 31, 0, '額滿', '2024-03-18 08:24:23'),
(2, '秘魯・太陽祭14日.jpg', '秘魯・太陽祭14日', '2023年金旅獎！世界七大奇景馬丘比丘・印加都城庫斯科・傳統盛典太陽祭・魔幻打卡聖地彩虹山', 14, 299000, '2024-06-18', '桃園國際機場', 31, 26, 5, '報名中', '2024-03-18 08:24:23'),
(3, '秘魯・印加帝國15日.jpg', '秘魯・印加帝國15日', '星宇豪華經濟艙・世界七大奇景馬丘比丘・印加都城庫斯科・魔幻打卡聖地彩虹山', 15, 282000, '2024-11-15', '桃園國際機場', 31, 4, 27, '報名中', '2024-03-18 08:24:23'),
(4, '秘魯&智利・古文明探索13日.jpg', '秘魯&智利・古文明探索13日', '世界七大奇景馬丘比丘・印加都城庫斯科・神秘納斯卡線・與世隔絕復活節島', 13, 299000, '2024-03-30', '桃園國際機場', 21, 15, 6, '截止', '2024-03-18 08:24:23'),
(5, '秘魯&玻利維亞・秘境漫步14日.jpg', '秘魯&玻利維亞・秘境漫步14日', '季節限定！世界七大奇景馬丘比丘・魔幻打卡聖地彩虹山・天空之鏡烏尤尼・世界最高首都拉巴斯', 14, 309000, '2024-09-07', '桃園國際機場', 31, 12, 19, '報名中', '2024-03-18 08:24:23'),
(6, '阿根廷・14日.jpg', '阿根廷・14日', '世界遺產萬年冰川健行、世界最寬伊瓜蘇瀑布、世界盡頭火地島、南美巴黎布宜諾斯艾利斯', 14, 295000, '2024-09-12', '桃園國際機場', 31, 6, 25, '報名中', '2024-03-18 08:24:23'),
(7, '古巴・迷情之境12日.jpg', '古巴・迷情之境12日', '世界遺產哈瓦那老城．古董車．雪茄．蘭姆酒．海明威朝聖路線．切格瓦拉革命國度', 12, 225000, '2024-05-16', '桃園國際機場', 35, 35, 0, '額滿', '2024-03-18 08:24:23'),
(8, '古巴&墨西哥・亡靈節12日.jpg', '古巴&墨西哥・亡靈節12日', '華麗繽紛骷髏嘉年華！哈瓦那、古董車體驗、親捲雪茄、馬雅金字塔、馬雅金字塔、加勒比海豪華五星飯店', 12, 250000, '2024-10-12', '桃園國際機場', 20, 11, 9, '截止', '2024-03-18 08:24:23'),
(9, '奧地利&捷克・12日.jpg', '奧地利&捷克・12日', '慕夏走讀、季節音樂饗宴、夏夫堡火車、哈施達特、瓦豪河谷佳釀美饌、茜茜公主博物館', 12, 182900, '2024-12-17', '桃園國際機場', 26, 4, 22, '報名中', '2024-03-18 08:24:23'),
(10, '智利・15日.jpg', '智利・15日', '與世隔絕復活節島．藍湖仙境百內國家公園．世界最乾旱阿塔卡馬沙漠．智利酒莊道地佳釀', 15, 349000, '2025-03-08', '桃園國際機場', 36, 25, 11, '報名中', '2024-03-18 08:24:23'),
(11, '西班牙・13日.jpg', '西班牙・13日', '設計酒莊古堡美食宴饗', 13, 219900, '2024-05-18', '桃園國際機場', 26, 10, 16, '報名中', '2024-03-18 08:24:23'),
(12, '葡萄牙・12日.jpg', '葡萄牙・12日', '漫遊酒香葡萄牙、艷彩佩納古蹟饗宴', 12, 198900, '2024-04-24', '桃園國際機場', 27, 18, 9, '報名中', '2024-03-18 08:24:23'),
(13, '法國・深度全覽14日.jpg', '法國・深度全覽14日', '漫步走入南法生活美學、夜宿古堡朝暮晨昏', 14, 248900, '2024-09-18', '桃園國際機場', 27, 1, 26, '報名中', '2024-03-18 08:24:23'),
(14, '奧地利&捷克・12日.jpg', '奧地利&捷克・12日', '慕夏走讀、季節音樂饗宴、夏夫堡火車、哈施達特、瓦豪河谷佳釀美饌、茜茜公主博物館', 12, 185900, '2024-06-04', '桃園國際機場', 26, 3, 23, '報名中', '2024-03-18 08:24:23'),
(15, '日本登山鐵道之旅・7日.jpg', '探索日本登山鐵道・7日', '日本登山鐵道主題之旅', 7, 79900, '2024-05-19', '桃園國際機場', 27, 21, 6, '報名中', '2024-03-18 08:24:23'),
(16, '名古屋春櫻花見行５日.jpg', '名古屋春櫻花見行５日', '日本國寶犬山城.螃蟹燒肉餐.童話合掌村.粉紅隧道遊船.金澤兼六園.金華山纜車', 5, 42900, '2024-03-30', '桃園國際機場', 28, 28, 0, '額滿', '2024-03-18 08:24:23'),
(17, '花現櫻飛舞名古屋．京都６日.jpg', '花現櫻飛舞名古屋．京都６日', '粉紅隧道～哲學之道、花見醍醐寺、紅色鳥居、平等院鳳凰堂、宇治抹茶香、泡湯趣', 6, 36900, '2024-04-05', '桃園國際機場', 28, 19, 9, '報名中', '2024-03-18 08:24:23'),
(18, '關東悠遊全覽三溫泉螃蟹吃到飽５日.jpg', '關東悠遊全覽三溫泉螃蟹吃到飽５日', '澀谷露天展望台、採果體驗、輕井澤、伊豆箱根、鎌倉、權八日式居酒屋（加贈酒水暢飲）', 5, 56900, '2024-05-08', '桃園國際機場', 28, 16, 12, '報名中', '2024-03-18 08:24:23'),
(19, '星宇．名東雙城溫泉６日.jpg', '星宇．名東雙城溫泉６日', '歡樂迪士尼、掛川花鳥園、濱名湖花博、蘆之湖遊船、修善寺、日本平纜車', 6, 50900, '2024-04-05', '桃園國際機場', 25, 25, 0, '額滿', '2024-03-18 08:24:23'),
(20, '名東雙城立山黑部閃亮雪壁7日.jpg', '名東雙城立山黑部閃亮雪壁7日', '足利紫藤花、童話合掌村、日光東照宮、輕井澤OUTLET、國寶松本城、鬼怒川溫泉', 7, 59900, '2024-04-22', '桃園國際機場', 25, 23, 2, '報名中', '2024-03-18 08:24:23'),
(21, '琉球海炎祭-沖繩限定4日.jpg', '琉球海炎祭-沖繩限定4日', '夏季盛大音樂花火(自由席)、美麗海水族館、玉泉洞、單軌電車一日券、升等一晚海邊飯店', 4, 28900, '2024-04-12', '桃園國際機場', 16, 16, 0, '額滿', '2024-03-18 08:24:23'),
(22, '九州鯉躍春遊５日.jpg', '九州鯉躍春遊５日', '雙鐵道、雙遊船、日田小京都、春季限定鯉魚旗祭典、熊本熊甜點杯、米塚、草千里', 5, 32900, '2024-04-07', '桃園國際機場', 28, 28, 0, '額滿', '2024-03-18 08:24:23'),
(23, '名古屋立山黑部漫步大雪谷．濱名花博５天.jpg', '名古屋立山黑部漫步大雪谷．濱名花博５天', '神的故鄉~上高地．童話合掌村．馬籠宿．雙溫泉～升等一晚五星飯店', 5, 50900, '2024-06-09', '桃園國際機場', 27, 25, 2, '報名中', '2024-03-18 08:24:23'),
(24, '閃耀九州X浪漫銀光５日.jpg', '閃耀九州X浪漫銀光５日', '銀光閃耀之街、九州野生公園叢林巴士、由布院金鱗湖、世界童話村、三隈川屋形船晚宴、太宰府天滿宮', 5, 40900, '2024-05-09', '桃園國際機場', 27, 18, 9, '報名中', '2024-03-18 08:24:23'),
(25, '熊本X火山熊雙溫泉５日.jpg', '熊本X火山熊雙溫泉５日', '阿蘇破火山口、由布院金麟湖、別府海地獄、太宰府天滿宮、柳川遊船、熊本熊電鐵、地獄蒸DIY', 5, 38900, '2024-05-17', '桃園國際機場', 28, 10, 18, '報名中', '2024-03-18 08:24:23'),
(26, '秘魯・印加帝國13日.jpg', '秘魯・印加帝國13日', '世界七大奇景馬丘比丘・印加都城庫斯科・魔幻打卡聖地彩虹山', 13, 259000, '2025-02-17', '桃園國際機場', 31, 0, 31, '報名中', '2024-03-18 08:24:23'),
(27, '秘魯・印加帝國13日.jpg', '秘魯・印加帝國13日', '世界七大奇景馬丘比丘・印加都城庫斯科・魔幻打卡聖地彩虹山', 13, 269000, '2024-07-09', '桃園國際機場', 31, 11, 20, '報名中', '2024-03-18 08:24:23'),
(28, '秘魯・太陽祭14日.jpg', '秘魯・太陽祭14日', '2023年金旅獎！世界七大奇景馬丘比丘・印加都城庫斯科・傳統盛典太陽祭・魔幻打卡聖地彩虹山', 14, 299000, '2024-06-19', '桃園國際機場', 36, 36, 0, '額滿', '2024-03-18 08:24:23'),
(29, '阿根廷・14日.jpg', '阿根廷・14日', '世界遺產萬年冰川健行、世界最寬伊瓜蘇瀑布、世界盡頭火地島、南美巴黎布宜諾斯艾利斯', 14, 295000, '2024-07-12', '桃園國際機場', 31, 24, 7, '報名中', '2024-03-18 08:24:23'),
(30, '古巴・迷情之境12日.jpg', '古巴・迷情之境12日', '世界遺產哈瓦那老城．古董車．雪茄．蘭姆酒．海明威朝聖路線．切格瓦拉革命國度', 12, 229000, '2024-09-12', '桃園國際機場', 31, 10, 21, '報名中', '2024-03-18 08:24:23'),
(31, '古巴・迷情之境12日.jpg', '古巴・迷情之境12日', '世界遺產哈瓦那老城．古董車．雪茄．蘭姆酒．海明威朝聖路線．切格瓦拉革命國度', 12, 229000, '2025-01-22', '桃園國際機場', 31, 0, 31, '報名中', '2024-03-18 08:24:23'),
(32, '西班牙・13日.jpg', '西班牙・13日', '設計酒莊古堡美食宴饗', 13, 229900, '2024-07-18', '桃園國際機場', 26, 5, 21, '報名中', '2024-03-18 08:24:23'),
(33, '西班牙・13日.jpg', '西班牙・13日', '設計酒莊古堡美食宴饗', 13, 219900, '2024-09-12', '桃園國際機場', 26, 0, 26, '報名中', '2024-03-18 08:24:36'),
(34, '奧地利&捷克・12日.jpg', '奧地利&捷克・12日', '慕夏走讀、季節音樂饗宴、夏夫堡火車、哈施達特、瓦豪河谷佳釀美饌、茜茜公主博物館', 12, 189900, '2024-09-14', '桃園國際機場', 19, 19, 0, '額滿', '2024-03-18 08:24:36'),
(35, '法國・深度全覽14日.jpg', '法國・深度全覽14日', '漫步走入南法生活美學、夜宿古堡朝暮晨昏', 14, 248900, '2024-10-22', '桃園國際機場', 27, 0, 27, '報名中', '2024-03-18 08:24:36'),
(36, '日本登山鐵道之旅・7日.jpg', '探索日本登山鐵道・7日', '日本登山鐵道主題之旅', 7, 79900, '2024-05-09', '桃園國際機場', 27, 25, 2, '報名中', '2024-03-18 08:24:36'),
(37, '名古屋春櫻花見行５日.jpg', '名古屋春櫻花見行５日', '日本國寶犬山城.螃蟹燒肉餐.童話合掌村.粉紅隧道遊船.金澤兼六園.金華山纜車', 5, 42900, '2024-04-20', '桃園國際機場', 29, 29, 0, '額滿', '2024-03-18 08:24:36'),
(38, '花現櫻飛舞名古屋．京都６日.jpg', '花現櫻飛舞名古屋．京都６日', '粉紅隧道～哲學之道、花見醍醐寺、紅色鳥居、平等院鳳凰堂、宇治抹茶香、泡湯趣', 6, 36900, '2024-05-05', '桃園國際機場', 28, 22, 6, '報名中', '2024-03-18 08:24:36'),
(39, '關東悠遊全覽三溫泉螃蟹吃到飽５日.jpg', '關東悠遊全覽三溫泉螃蟹吃到飽５日', '澀谷露天展望台、採果體驗、輕井澤、伊豆箱根、鎌倉、權八日式居酒屋（加贈酒水暢飲）', 5, 56900, '2024-06-08', '桃園國際機場', 28, 11, 17, '報名中', '2024-03-18 08:24:36'),
(40, '星宇．名東雙城溫泉６日.jpg', '星宇．名東雙城溫泉６日', '歡樂迪士尼、掛川花鳥園、濱名湖花博、蘆之湖遊船、修善寺、日本平纜車', 6, 50900, '2024-04-25', '桃園國際機場', 25, 24, 1, '報名中', '2024-03-18 08:24:36'),
(41, '名東雙城立山黑部閃亮雪壁7日.jpg', '名東雙城立山黑部閃亮雪壁7日', '足利紫藤花、童話合掌村、日光東照宮、輕井澤OUTLET、國寶松本城、鬼怒川溫泉', 7, 59900, '2024-04-21', '桃園國際機場', 25, 25, 0, '額滿', '2024-03-18 08:24:36'),
(42, '琉球海炎祭-沖繩限定4日.jpg', '琉球海炎祭-沖繩限定4日', '夏季盛大音樂花火(自由席)、美麗海水族館、玉泉洞、單軌電車一日券、升等一晚海邊飯店', 4, 28900, '2024-04-19', '桃園國際機場', 18, 18, 0, '額滿', '2024-03-18 08:24:36'),
(43, '九州鯉躍春遊５日.jpg', '九州鯉躍春遊５日', '雙鐵道、雙遊船、日田小京都、春季限定鯉魚旗祭典、熊本熊甜點杯、米塚、草千里', 5, 32900, '2024-04-13', '桃園國際機場', 28, 27, 1, '報名中', '2024-03-18 08:24:36'),
(44, '名古屋立山黑部漫步大雪谷．濱名花博５天.jpg', '名古屋立山黑部漫步大雪谷．濱名花博５天', '神的故鄉~上高地．童話合掌村．馬籠宿．雙溫泉～升等一晚五星飯店', 5, 50900, '2024-06-10', '桃園國際機場', 27, 24, 3, '報名中', '2024-03-18 08:24:36'),
(45, '閃耀九州X浪漫銀光５日.jpg', '閃耀九州X浪漫銀光５日', '銀光閃耀之街、九州野生公園叢林巴士、由布院金鱗湖、世界童話村、三隈川屋形船晚宴、太宰府天滿宮', 5, 40900, '2024-05-13', '桃園國際機場', 27, 23, 4, '報名中', '2024-03-18 08:24:36'),
(46, '熊本X火山熊雙溫泉５日.jpg', '熊本X火山熊雙溫泉５日', '阿蘇破火山口、由布院金麟湖、別府海地獄、太宰府天滿宮、柳川遊船、熊本熊電鐵、地獄蒸DIY', 5, 38900, '2024-05-24', '桃園國際機場', 28, 21, 7, '報名中', '2024-03-18 08:24:36'),
(47, '智利・15日.jpg', '智利・15日', '與世隔絕復活節島．藍湖仙境百內國家公園．世界最乾旱阿塔卡馬沙漠．智利酒莊道地佳釀', 15, 349000, '2024-09-08', '桃園國際機場', 36, 33, 3, '報名中', '2024-03-18 08:24:36'),
(48, '秘魯&智利・古文明探索13日.jpg', '秘魯&智利・古文明探索13日', '世界七大奇景馬丘比丘・印加都城庫斯科・神秘納斯卡線・與世隔絕復活節島', 13, 299000, '2024-06-01', '桃園國際機場', 21, 10, 11, '報名中', '2024-03-18 08:24:36'),
(49, '葡萄牙・12日.jpg', '葡萄牙・12日', '漫遊酒香葡萄牙、艷彩佩納古蹟饗宴', 12, 198900, '2024-06-24', '桃園國際機場', 27, 10, 17, '報名中', '2024-03-18 08:24:36'),
(50, '秘魯&玻利維亞・秘境漫步14日.jpg', '秘魯&玻利維亞・秘境漫步14日', '天空之鏡烏尤尼．與世隔絕復活節島．世界最乾旱阿塔卡馬沙漠．世界最高首都拉巴斯', 14, 325000, '2024-11-11', '桃園國際機場', 31, 2, 29, '報名中', '2024-03-18 08:24:36');

--
-- 已傾印資料表的索引
--

--
-- 資料表索引 `customization_list`
--
ALTER TABLE `customization_list`
  ADD PRIMARY KEY (`sid`);

--
-- 資料表索引 `employees`
--
ALTER TABLE `employees`
  ADD PRIMARY KEY (`employee_id`),
  ADD KEY `employee_role_id` (`employee_role_id`);

--
-- 資料表索引 `group_list`
--
ALTER TABLE `group_list`
  ADD PRIMARY KEY (`sid`);

--
-- 資料表索引 `interest_list`
--
ALTER TABLE `interest_list`
  ADD PRIMARY KEY (`sid`);

--
-- 資料表索引 `order`
--
ALTER TABLE `order`
  ADD PRIMARY KEY (`order_id`);

--
-- 資料表索引 `order_detail`
--
ALTER TABLE `order_detail`
  ADD PRIMARY KEY (`detail_id`);

--
-- 資料表索引 `order_group`
--
ALTER TABLE `order_group`
  ADD PRIMARY KEY (`order_group_id`);

--
-- 資料表索引 `permission`
--
ALTER TABLE `permission`
  ADD PRIMARY KEY (`sid`),
  ADD KEY `role_id` (`permission_role_id`),
  ADD KEY `permission_role_id` (`permission_role_id`);

--
-- 資料表索引 `products`
--
ALTER TABLE `products`
  ADD PRIMARY KEY (`id`);

--
-- 資料表索引 `role_set`
--
ALTER TABLE `role_set`
  ADD PRIMARY KEY (`role_id`),
  ADD KEY `employee_id` (`employee_id`);

--
-- 資料表索引 `serve_list`
--
ALTER TABLE `serve_list`
  ADD PRIMARY KEY (`sid`);

--
-- 資料表索引 `speech_list`
--
ALTER TABLE `speech_list`
  ADD PRIMARY KEY (`sid`);

--
-- 資料表索引 `transactions`
--
ALTER TABLE `transactions`
  ADD PRIMARY KEY (`transaction_id`);

--
-- 資料表索引 `travel_`
--
ALTER TABLE `travel_`
  ADD PRIMARY KEY (`travel_id`);

--
-- 在傾印的資料表使用自動遞增(AUTO_INCREMENT)
--

--
-- 使用資料表自動遞增(AUTO_INCREMENT) `customization_list`
--
ALTER TABLE `customization_list`
  MODIFY `sid` int(4) NOT NULL AUTO_INCREMENT COMMENT '起頭編號', AUTO_INCREMENT=102;

--
-- 使用資料表自動遞增(AUTO_INCREMENT) `group_list`
--
ALTER TABLE `group_list`
  MODIFY `sid` int(4) NOT NULL AUTO_INCREMENT COMMENT '起頭編號', AUTO_INCREMENT=105;

--
-- 使用資料表自動遞增(AUTO_INCREMENT) `interest_list`
--
ALTER TABLE `interest_list`
  MODIFY `sid` int(4) NOT NULL AUTO_INCREMENT COMMENT '起頭編號', AUTO_INCREMENT=109;

--
-- 使用資料表自動遞增(AUTO_INCREMENT) `order`
--
ALTER TABLE `order`
  MODIFY `order_id` int(255) NOT NULL AUTO_INCREMENT, AUTO_INCREMENT=130;

--
-- 使用資料表自動遞增(AUTO_INCREMENT) `order_detail`
--
ALTER TABLE `order_detail`
  MODIFY `detail_id` int(50) NOT NULL AUTO_INCREMENT, AUTO_INCREMENT=84;

--
-- 使用資料表自動遞增(AUTO_INCREMENT) `order_group`
--
ALTER TABLE `order_group`
  MODIFY `order_group_id` int(11) NOT NULL AUTO_INCREMENT, AUTO_INCREMENT=17;

--
-- 使用資料表自動遞增(AUTO_INCREMENT) `permission`
--
ALTER TABLE `permission`
  MODIFY `sid` int(11) NOT NULL AUTO_INCREMENT, AUTO_INCREMENT=500;

--
-- 使用資料表自動遞增(AUTO_INCREMENT) `products`
--
ALTER TABLE `products`
  MODIFY `id` int(100) NOT NULL AUTO_INCREMENT, AUTO_INCREMENT=56;

--
-- 使用資料表自動遞增(AUTO_INCREMENT) `role_set`
--
ALTER TABLE `role_set`
  MODIFY `role_id` int(11) NOT NULL AUTO_INCREMENT, AUTO_INCREMENT=539;

--
-- 使用資料表自動遞增(AUTO_INCREMENT) `serve_list`
--
ALTER TABLE `serve_list`
  MODIFY `sid` int(4) NOT NULL AUTO_INCREMENT COMMENT '起頭編號', AUTO_INCREMENT=7;

--
-- 使用資料表自動遞增(AUTO_INCREMENT) `speech_list`
--
ALTER TABLE `speech_list`
  MODIFY `sid` int(10) NOT NULL AUTO_INCREMENT COMMENT '起頭序號', AUTO_INCREMENT=19;

--
-- 使用資料表自動遞增(AUTO_INCREMENT) `travel_`
--
ALTER TABLE `travel_`
  MODIFY `travel_id` int(11) NOT NULL AUTO_INCREMENT, AUTO_INCREMENT=55;
COMMIT;

/*!40101 SET CHARACTER_SET_CLIENT=@OLD_CHARACTER_SET_CLIENT */;
/*!40101 SET CHARACTER_SET_RESULTS=@OLD_CHARACTER_SET_RESULTS */;
/*!40101 SET COLLATION_CONNECTION=@OLD_COLLATION_CONNECTION */;
